[21:37:32.192] [INFO] storybook v10.5.0
[21:37:32.676] [DEBUG] Getting package.json info for /Users/yashvardhansingh/test/opencode/packages/storybook/package.json...
[21:37:33.081] [DEBUG] Could not determine @babel/preset-env version in use. In case of runtime errors with @babel/preset-env, you may need to set the babelRemoveBugfixes feature flag in your `main.ts` file.
[21:37:33.334] [DEBUG] Getting installed version for solid-js...
[21:37:33.335] [DEBUG] Executing command: npm ls --json --depth=99
[21:38:05.059] [DEBUG] Executing command: npm ls --json --depth=0
[21:38:10.725] [DEBUG] No installations found for solid-js
[21:38:10.725] [DEBUG] Using cached package.json for /Users/yashvardhansingh/test/opencode/packages/storybook/package.json...
[21:38:10.725] [DEBUG] Using cached package.json for /Users/yashvardhansingh/test/opencode/package.json...
[21:38:10.751] [INFO] Starting...
[21:38:10.757] [DEBUG] readDependencyManifest: could not resolve "@opencode-ai/session-ui"
[21:38:10.882] [DEBUG] Starting preview..
[21:38:10.885] [DEBUG] Using cached installed version for solid-js...
[21:38:10.885] [DEBUG] Using cached package.json for /Users/yashvardhansingh/test/opencode/packages/storybook/package.json...
[21:38:10.885] [DEBUG] Using cached package.json for /Users/yashvardhansingh/test/opencode/package.json...
[21:38:10.992] [DEBUG] Using cached installed version for solid-js...
[21:38:10.992] [DEBUG] Using cached package.json for /Users/yashvardhansingh/test/opencode/packages/storybook/package.json...
[21:38:10.992] [DEBUG] Using cached package.json for /Users/yashvardhansingh/test/opencode/package.json...
[21:38:11.027] [DEBUG] Change detection enabled.
[21:38:11.028] [DEBUG] Change detection: snapshotting Vite resolve config (restart required if vite.config.ts changes)
[21:38:11.028] [DEBUG] Change detection: ignored 14 regex alias(es); related modules tracked as opaque-leaf.
[21:38:11.028] [DEBUG] ChangeDetectionResolverFactory: skipped regex aliases [/^solid-refresh$/, /^@storybook\/global$/, /^storybook\/test$/, /^storybook\/actions$/, /^storybook\/preview-api$/, /^storybook\/internal\/channels$/, /^storybook\/internal\/client-logger$/, /^storybook\/internal\/core-events$/, /^storybook\/internal\/preview-errors$/, /^storybook\/internal\/types$/, /^storybook\/internal\/preview-api$/, /^solid-refresh$/, /^\/?@vite\/env/, /^\/?@vite\/client/]
[21:38:11.031] [ERROR] [38;2;241;97;97mError: listen EADDRINUSE: address already in use :::6006[39m
    at Server.setupListenHandle [as _listen2] (node:net:2328:16)
    at listenInCluster (node:net:2437:12)
    at Server.listen (node:net:2562:7)
    at _Polka.listen (file:///Users/yashvardhansingh/test/opencode/node_modules/.bun/storybook@10.5.0+dbc1f9e818ea1916/node_modules/storybook/dist/core-server/index.js:10304:110)
    at file:///Users/yashvardhansingh/test/opencode/node_modules/.bun/storybook@10.5.0+dbc1f9e818ea1916/node_modules/storybook/dist/core-server/index.js:11245:39
    at new Promise (<anonymous>)
    at storybookDevServer (file:///Users/yashvardhansingh/test/opencode/node_modules/.bun/storybook@10.5.0+dbc1f9e818ea1916/node_modules/storybook/dist/core-server/index.js:11244:19)
    at async buildOrThrow (file:///Users/yashvardhansingh/test/opencode/node_modules/.bun/storybook@10.5.0+dbc1f9e818ea1916/node_modules/storybook/dist/core-server/index.js:8331:12)
    at async buildDevStandalone (file:///Users/yashvardhansingh/test/opencode/node_modules/.bun/storybook@10.5.0+dbc1f9e818ea1916/node_modules/storybook/dist/core-server/index.js:11990:41)
    at async withTelemetry (file:///Users/yashvardhansingh/test/opencode/node_modules/.bun/storybook@10.5.0+dbc1f9e818ea1916/node_modules/storybook/dist/_node-chunks/chunk-YXP5YOPH.js:1785:12)
[21:38:11.032] [WARN] Broken build, fix the error above.
You may need to refresh the browser.
[21:38:11.131] [DEBUG] ChangeDetectionResolverFactory: 'solid-js' from '/Users/yashvardhansingh/test/opencode/packages/ui/src/components/accordion.stories.tsx' unresolved ("." is not exported under the conditions ["solid", "development", "storybook", "stories", "test", "module", "browser", "development|production"] from package /Users/yashvardhansingh/test/opencode/packages/ui/node_modules/solid-js (see exports field in /Users/yashvardhansingh/test/opencode/packages/ui/node_modules/solid-js/package.json))
[21:38:11.131] [DEBUG] Could not resolve solid-js from /Users/yashvardhansingh/test/opencode/packages/ui/src/components/accordion.stories.tsx
[21:38:11.131] [DEBUG] ChangeDetectionResolverFactory: 'solid-js' from '/Users/yashvardhansingh/test/opencode/packages/ui/src/components/dialog.stories.tsx' unresolved ("." is not exported under the conditions ["solid", "development", "storybook", "stories", "test", "module", "browser", "development|production"] from package /Users/yashvardhansingh/test/opencode/packages/ui/node_modules/solid-js (see exports field in /Users/yashvardhansingh/test/opencode/packages/ui/node_modules/solid-js/package.json))
[21:38:11.131] [DEBUG] Could not resolve solid-js from /Users/yashvardhansingh/test/opencode/packages/ui/src/components/dialog.stories.tsx
[21:38:11.132] [DEBUG] ChangeDetectionResolverFactory: 'solid-js' from '/Users/yashvardhansingh/test/opencode/packages/ui/src/components/hover-card.stories.tsx' unresolved ("." is not exported under the conditions ["solid", "development", "storybook", "stories", "test", "module", "browser", "development|production"] from package /Users/yashvardhansingh/test/opencode/packages/ui/node_modules/solid-js (see exports field in /Users/yashvardhansingh/test/opencode/packages/ui/node_modules/solid-js/package.json))
[21:38:11.132] [DEBUG] Could not resolve solid-js from /Users/yashvardhansingh/test/opencode/packages/ui/src/components/hover-card.stories.tsx
[21:38:11.132] [DEBUG] ChangeDetectionResolverFactory: 'solid-js' from '/Users/yashvardhansingh/test/opencode/packages/ui/src/components/image-preview.stories.tsx' unresolved ("." is not exported under the conditions ["solid", "development", "storybook", "stories", "test", "module", "browser", "development|production"] from package /Users/yashvardhansingh/test/opencode/packages/ui/node_modules/solid-js (see exports field in /Users/yashvardhansingh/test/opencode/packages/ui/node_modules/solid-js/package.json))
[21:38:11.132] [DEBUG] Could not resolve solid-js from /Users/yashvardhansingh/test/opencode/packages/ui/src/components/image-preview.stories.tsx
[21:38:11.132] [DEBUG] ChangeDetectionResolverFactory: 'solid-js' from '/Users/yashvardhansingh/test/opencode/packages/ui/src/components/codex-icon-system.stories.tsx' unresolved ("." is not exported under the conditions ["solid", "development", "storybook", "stories", "test", "module", "browser", "development|production"] from package /Users/yashvardhansingh/test/opencode/packages/ui/node_modules/solid-js (see exports field in /Users/yashvardhansingh/test/opencode/packages/ui/node_modules/solid-js/package.json))
[21:38:11.132] [DEBUG] Could not resolve solid-js from /Users/yashvardhansingh/test/opencode/packages/ui/src/components/codex-icon-system.stories.tsx
[21:38:11.132] [DEBUG] ChangeDetectionResolverFactory: 'solid-js' from '/Users/yashvardhansingh/test/opencode/packages/ui/src/components/popover.stories.tsx' unresolved ("." is not exported under the conditions ["solid", "development", "storybook", "stories", "test", "module", "browser", "development|production"] from package /Users/yashvardhansingh/test/opencode/packages/ui/node_modules/solid-js (see exports field in /Users/yashvardhansingh/test/opencode/packages/ui/node_modules/solid-js/package.json))
[21:38:11.132] [DEBUG] Could not resolve solid-js from /Users/yashvardhansingh/test/opencode/packages/ui/src/components/popover.stories.tsx
[21:38:11.136] [DEBUG] ChangeDetectionResolverFactory: 'solid-js' from '/Users/yashvardhansingh/test/opencode/packages/ui/src/components/card.tsx' unresolved ("." is not exported under the conditions ["solid", "development", "storybook", "stories", "test", "module", "browser", "development|production"] from package /Users/yashvardhansingh/test/opencode/packages/ui/node_modules/solid-js (see exports field in /Users/yashvardhansingh/test/opencode/packages/ui/node_modules/solid-js/package.json))
[21:38:11.136] [DEBUG] Could not resolve solid-js from /Users/yashvardhansingh/test/opencode/packages/ui/src/components/card.tsx
[21:38:11.136] [DEBUG] ChangeDetectionResolverFactory: 'solid-js' from '/Users/yashvardhansingh/test/opencode/packages/ui/src/components/button.tsx' unresolved ("." is not exported under the conditions ["solid", "development", "storybook", "stories", "test", "module", "browser", "development|production"] from package /Users/yashvardhansingh/test/opencode/packages/ui/node_modules/solid-js (see exports field in /Users/yashvardhansingh/test/opencode/packages/ui/node_modules/solid-js/package.json))
[21:38:11.136] [DEBUG] Could not resolve solid-js from /Users/yashvardhansingh/test/opencode/packages/ui/src/components/button.tsx
[21:38:11.136] [DEBUG] ChangeDetectionResolverFactory: 'solid-js' from '/Users/yashvardhansingh/test/opencode/packages/ui/src/components/context-menu.tsx' unresolved ("." is not exported under the conditions ["solid", "development", "storybook", "stories", "test", "module", "browser", "development|production"] from package /Users/yashvardhansingh/test/opencode/packages/ui/node_modules/solid-js (see exports field in /Users/yashvardhansingh/test/opencode/packages/ui/node_modules/solid-js/package.json))
[21:38:11.136] [DEBUG] Could not resolve solid-js from /Users/yashvardhansingh/test/opencode/packages/ui/src/components/context-menu.tsx
[21:38:11.136] [DEBUG] ChangeDetectionResolverFactory: 'solid-js' from '/Users/yashvardhansingh/test/opencode/packages/ui/src/components/collapsible.tsx' unresolved ("." is not exported under the conditions ["solid", "development", "storybook", "stories", "test", "module", "browser", "development|production"] from package /Users/yashvardhansingh/test/opencode/packages/ui/node_modules/solid-js (see exports field in /Users/yashvardhansingh/test/opencode/packages/ui/node_modules/solid-js/package.json))
[21:38:11.136] [DEBUG] Could not resolve solid-js from /Users/yashvardhansingh/test/opencode/packages/ui/src/components/collapsible.tsx
[21:38:11.137] [DEBUG] ChangeDetectionResolverFactory: 'solid-js' from '/Users/yashvardhansingh/test/opencode/packages/ui/src/components/avatar.tsx' unresolved ("." is not exported under the conditions ["solid", "development", "storybook", "stories", "test", "module", "browser", "development|production"] from package /Users/yashvardhansingh/test/opencode/packages/ui/node_modules/solid-js (see exports field in /Users/yashvardhansingh/test/opencode/packages/ui/node_modules/solid-js/package.json))
[21:38:11.137] [DEBUG] Could not resolve solid-js from /Users/yashvardhansingh/test/opencode/packages/ui/src/components/avatar.tsx
[21:38:11.137] [DEBUG] ChangeDetectionResolverFactory: 'solid-js' from '/Users/yashvardhansingh/test/opencode/packages/ui/src/components/file-icon.tsx' unresolved ("." is not exported under the conditions ["solid", "development", "storybook", "stories", "test", "module", "browser", "development|production"] from package /Users/yashvardhansingh/test/opencode/packages/ui/node_modules/solid-js (see exports field in /Users/yashvardhansingh/test/opencode/packages/ui/node_modules/solid-js/package.json))
[21:38:11.137] [DEBUG] Could not resolve solid-js from /Users/yashvardhansingh/test/opencode/packages/ui/src/components/file-icon.tsx
[21:38:11.137] [DEBUG] ChangeDetectionResolverFactory: 'solid-js' from '/Users/yashvardhansingh/test/opencode/packages/ui/src/components/inline-input.tsx' unresolved ("." is not exported under the conditions ["solid", "development", "storybook", "stories", "test", "module", "browser", "development|production"] from package /Users/yashvardhansingh/test/opencode/packages/ui/node_modules/solid-js (see exports field in /Users/yashvardhansingh/test/opencode/packages/ui/node_modules/solid-js/package.json))
[21:38:11.137] [DEBUG] Could not resolve solid-js from /Users/yashvardhansingh/test/opencode/packages/ui/src/components/inline-input.tsx
[21:38:11.137] [DEBUG] ChangeDetectionResolverFactory: 'solid-js' from '/Users/yashvardhansingh/test/opencode/packages/ui/src/components/dropdown-menu.tsx' unresolved ("." is not exported under the conditions ["solid", "development", "storybook", "stories", "test", "module", "browser", "development|production"] from package /Users/yashvardhansingh/test/opencode/packages/ui/node_modules/solid-js (see exports field in /Users/yashvardhansingh/test/opencode/packages/ui/node_modules/solid-js/package.json))
[21:38:11.137] [DEBUG] Could not resolve solid-js from /Users/yashvardhansingh/test/opencode/packages/ui/src/components/dropdown-menu.tsx
[21:38:11.137] [DEBUG] ChangeDetectionResolverFactory: 'solid-js' from '/Users/yashvardhansingh/test/opencode/packages/ui/src/components/icon-button.tsx' unresolved ("." is not exported under the conditions ["solid", "development", "storybook", "stories", "test", "module", "browser", "development|production"] from package /Users/yashvardhansingh/test/opencode/packages/ui/node_modules/solid-js (see exports field in /Users/yashvardhansingh/test/opencode/packages/ui/node_modules/solid-js/package.json))
[21:38:11.137] [DEBUG] Could not resolve solid-js from /Users/yashvardhansingh/test/opencode/packages/ui/src/components/icon-button.tsx
[21:38:11.137] [DEBUG] ChangeDetectionResolverFactory: 'solid-js' from '/Users/yashvardhansingh/test/opencode/packages/ui/src/components/hover-card.tsx' unresolved ("." is not exported under the conditions ["solid", "development", "storybook", "stories", "test", "module", "browser", "development|production"] from package /Users/yashvardhansingh/test/opencode/packages/ui/node_modules/solid-js (see exports field in /Users/yashvardhansingh/test/opencode/packages/ui/node_modules/solid-js/package.json))
[21:38:11.137] [DEBUG] Could not resolve solid-js from /Users/yashvardhansingh/test/opencode/packages/ui/src/components/hover-card.tsx
[21:38:11.138] [DEBUG] ChangeDetectionResolverFactory: 'solid-js' from '/Users/yashvardhansingh/test/opencode/packages/ui/src/components/diff-changes.tsx' unresolved ("." is not exported under the conditions ["solid", "development", "storybook", "stories", "test", "module", "browser", "development|production"] from package /Users/yashvardhansingh/test/opencode/packages/ui/node_modules/solid-js (see exports field in /Users/yashvardhansingh/test/opencode/packages/ui/node_modules/solid-js/package.json))
[21:38:11.138] [DEBUG] Could not resolve solid-js from /Users/yashvardhansingh/test/opencode/packages/ui/src/components/diff-changes.tsx
[21:38:11.138] [DEBUG] ChangeDetectionResolverFactory: 'solid-js' from '/Users/yashvardhansingh/test/opencode/packages/ui/src/components/app-icon.tsx' unresolved ("." is not exported under the conditions ["solid", "development", "storybook", "stories", "test", "module", "browser", "development|production"] from package /Users/yashvardhansingh/test/opencode/packages/ui/node_modules/solid-js (see exports field in /Users/yashvardhansingh/test/opencode/packages/ui/node_modules/solid-js/package.json))
[21:38:11.138] [DEBUG] Could not resolve solid-js from /Users/yashvardhansingh/test/opencode/packages/ui/src/components/app-icon.tsx
[21:38:11.138] [DEBUG] ChangeDetectionResolverFactory: 'solid-js' from '/Users/yashvardhansingh/test/opencode/packages/ui/src/components/dialog.tsx' unresolved ("." is not exported under the conditions ["solid", "development", "storybook", "stories", "test", "module", "browser", "development|production"] from package /Users/yashvardhansingh/test/opencode/packages/ui/node_modules/solid-js (see exports field in /Users/yashvardhansingh/test/opencode/packages/ui/node_modules/solid-js/package.json))
[21:38:11.138] [DEBUG] Could not resolve solid-js from /Users/yashvardhansingh/test/opencode/packages/ui/src/components/dialog.tsx
[21:38:11.139] [DEBUG] ChangeDetectionResolverFactory: 'solid-js' from '/Users/yashvardhansingh/test/opencode/packages/ui/src/storybook/scaffold.tsx' unresolved ("." is not exported under the conditions ["solid", "development", "storybook", "stories", "test", "module", "browser", "development|production"] from package /Users/yashvardhansingh/test/opencode/packages/ui/node_modules/solid-js (see exports field in /Users/yashvardhansingh/test/opencode/packages/ui/node_modules/solid-js/package.json))
[21:38:11.139] [DEBUG] Could not resolve solid-js from /Users/yashvardhansingh/test/opencode/packages/ui/src/storybook/scaffold.tsx
[21:38:11.139] [DEBUG] ChangeDetectionResolverFactory: 'solid-js' from '/Users/yashvardhansingh/test/opencode/packages/ui/src/components/icon.tsx' unresolved ("." is not exported under the conditions ["solid", "development", "storybook", "stories", "test", "module", "browser", "development|production"] from package /Users/yashvardhansingh/test/opencode/packages/ui/node_modules/solid-js (see exports field in /Users/yashvardhansingh/test/opencode/packages/ui/node_modules/solid-js/package.json))
[21:38:11.139] [DEBUG] Could not resolve solid-js from /Users/yashvardhansingh/test/opencode/packages/ui/src/components/icon.tsx
[21:38:11.139] [DEBUG] ChangeDetectionResolverFactory: 'solid-js' from '/Users/yashvardhansingh/test/opencode/packages/ui/src/components/resize-handle.stories.tsx' unresolved ("." is not exported under the conditions ["solid", "development", "storybook", "stories", "test", "module", "browser", "development|production"] from package /Users/yashvardhansingh/test/opencode/packages/ui/node_modules/solid-js (see exports field in /Users/yashvardhansingh/test/opencode/packages/ui/node_modules/solid-js/package.json))
[21:38:11.139] [DEBUG] Could not resolve solid-js from /Users/yashvardhansingh/test/opencode/packages/ui/src/components/resize-handle.stories.tsx
[21:38:11.139] [DEBUG] ChangeDetectionResolverFactory: 'solid-js' from '/Users/yashvardhansingh/test/opencode/packages/ui/src/components/popover.tsx' unresolved ("." is not exported under the conditions ["solid", "development", "storybook", "stories", "test", "module", "browser", "development|production"] from package /Users/yashvardhansingh/test/opencode/packages/ui/node_modules/solid-js (see exports field in /Users/yashvardhansingh/test/opencode/packages/ui/node_modules/solid-js/package.json))
[21:38:11.139] [DEBUG] Could not resolve solid-js from /Users/yashvardhansingh/test/opencode/packages/ui/src/components/popover.tsx
[21:38:11.139] [DEBUG] ChangeDetectionResolverFactory: 'solid-js' from '/Users/yashvardhansingh/test/opencode/packages/ui/src/components/progress-circle.tsx' unresolved ("." is not exported under the conditions ["solid", "development", "storybook", "stories", "test", "module", "browser", "development|production"] from package /Users/yashvardhansingh/test/opencode/packages/ui/node_modules/solid-js (see exports field in /Users/yashvardhansingh/test/opencode/packages/ui/node_modules/solid-js/package.json))
[21:38:11.139] [DEBUG] Could not resolve solid-js from /Users/yashvardhansingh/test/opencode/packages/ui/src/components/progress-circle.tsx
[21:38:11.139] [DEBUG] ChangeDetectionResolverFactory: 'solid-js/web' from '/Users/yashvardhansingh/test/opencode/packages/ui/src/storybook/scaffold.tsx' unresolved ("./web" is not exported under the conditions ["solid", "development", "storybook", "stories", "test", "module", "browser", "development|production"] from package /Users/yashvardhansingh/test/opencode/packages/ui/node_modules/solid-js (see exports field in /Users/yashvardhansingh/test/opencode/packages/ui/node_modules/solid-js/package.json))
[21:38:11.139] [DEBUG] Could not resolve solid-js/web from /Users/yashvardhansingh/test/opencode/packages/ui/src/storybook/scaffold.tsx
[21:38:11.139] [DEBUG] ChangeDetectionResolverFactory: 'solid-js/store' from '/Users/yashvardhansingh/test/opencode/packages/ui/src/components/resize-handle.stories.tsx' unresolved ("./store" is not exported under the conditions ["solid", "development", "storybook", "stories", "test", "module", "browser", "development|production"] from package /Users/yashvardhansingh/test/opencode/packages/ui/node_modules/solid-js (see exports field in /Users/yashvardhansingh/test/opencode/packages/ui/node_modules/solid-js/package.json))
[21:38:11.139] [DEBUG] Could not resolve solid-js/store from /Users/yashvardhansingh/test/opencode/packages/ui/src/components/resize-handle.stories.tsx
[21:38:11.139] [DEBUG] ChangeDetectionResolverFactory: 'solid-js/store' from '/Users/yashvardhansingh/test/opencode/packages/ui/src/components/popover.tsx' unresolved ("./store" is not exported under the conditions ["solid", "development", "storybook", "stories", "test", "module", "browser", "development|production"] from package /Users/yashvardhansingh/test/opencode/packages/ui/node_modules/solid-js (see exports field in /Users/yashvardhansingh/test/opencode/packages/ui/node_modules/solid-js/package.json))
[21:38:11.139] [DEBUG] Could not resolve solid-js/store from /Users/yashvardhansingh/test/opencode/packages/ui/src/components/popover.tsx
[21:38:11.139] [DEBUG] ChangeDetectionResolverFactory: 'solid-js' from '/Users/yashvardhansingh/test/opencode/packages/ui/src/components/progress.tsx' unresolved ("." is not exported under the conditions ["solid", "development", "storybook", "stories", "test", "module", "browser", "development|production"] from package /Users/yashvardhansingh/test/opencode/packages/ui/node_modules/solid-js (see exports field in /Users/yashvardhansingh/test/opencode/packages/ui/node_modules/solid-js/package.json))
[21:38:11.139] [DEBUG] Could not resolve solid-js from /Users/yashvardhansingh/test/opencode/packages/ui/src/components/progress.tsx
[21:38:11.140] [DEBUG] ChangeDetectionResolverFactory: 'solid-js' from '/Users/yashvardhansingh/test/opencode/packages/ui/src/components/list.tsx' unresolved ("." is not exported under the conditions ["solid", "development", "storybook", "stories", "test", "module", "browser", "development|production"] from package /Users/yashvardhansingh/test/opencode/packages/ui/node_modules/solid-js (see exports field in /Users/yashvardhansingh/test/opencode/packages/ui/node_modules/solid-js/package.json))
[21:38:11.140] [DEBUG] Could not resolve solid-js from /Users/yashvardhansingh/test/opencode/packages/ui/src/components/list.tsx
[21:38:11.140] [DEBUG] ChangeDetectionResolverFactory: 'solid-js' from '/Users/yashvardhansingh/test/opencode/packages/ui/src/components/radio-group.tsx' unresolved ("." is not exported under the conditions ["solid", "development", "storybook", "stories", "test", "module", "browser", "development|production"] from package /Users/yashvardhansingh/test/opencode/packages/ui/node_modules/solid-js (see exports field in /Users/yashvardhansingh/test/opencode/packages/ui/node_modules/solid-js/package.json))
[21:38:11.140] [DEBUG] Could not resolve solid-js from /Users/yashvardhansingh/test/opencode/packages/ui/src/components/radio-group.tsx
[21:38:11.140] [DEBUG] ChangeDetectionResolverFactory: 'solid-js' from '/Users/yashvardhansingh/test/opencode/packages/ui/src/context/dialog.tsx' unresolved ("." is not exported under the conditions ["solid", "development", "storybook", "stories", "test", "module", "browser", "development|production"] from package /Users/yashvardhansingh/test/opencode/packages/ui/node_modules/solid-js (see exports field in /Users/yashvardhansingh/test/opencode/packages/ui/node_modules/solid-js/package.json))
[21:38:11.140] [DEBUG] Could not resolve solid-js from /Users/yashvardhansingh/test/opencode/packages/ui/src/context/dialog.tsx
[21:38:11.140] [DEBUG] ChangeDetectionResolverFactory: 'solid-js/store' from '/Users/yashvardhansingh/test/opencode/packages/ui/src/components/list.tsx' unresolved ("./store" is not exported under the conditions ["solid", "development", "storybook", "stories", "test", "module", "browser", "development|production"] from package /Users/yashvardhansingh/test/opencode/packages/ui/node_modules/solid-js (see exports field in /Users/yashvardhansingh/test/opencode/packages/ui/node_modules/solid-js/package.json))
[21:38:11.140] [DEBUG] Could not resolve solid-js/store from /Users/yashvardhansingh/test/opencode/packages/ui/src/components/list.tsx
[21:38:11.140] [DEBUG] ChangeDetectionResolverFactory: '@solid-primitives/event-listener' from '/Users/yashvardhansingh/test/opencode/packages/ui/src/components/popover.tsx' unresolved ("." is not exported under the conditions ["solid", "development", "storybook", "stories", "test", "module", "browser", "development|production"] from package /Users/yashvardhansingh/test/opencode/packages/ui/node_modules/@solid-primitives/event-listener (see exports field in /Users/yashvardhansingh/test/opencode/packages/ui/node_modules/@solid-primitives/event-listener/package.json))
[21:38:11.140] [DEBUG] Could not resolve @solid-primitives/event-listener from /Users/yashvardhansingh/test/opencode/packages/ui/src/components/popover.tsx
[21:38:11.140] [DEBUG] ChangeDetectionResolverFactory: 'solid-js' from '/Users/yashvardhansingh/test/opencode/packages/ui/src/components/provider-icon.tsx' unresolved ("." is not exported under the conditions ["solid", "development", "storybook", "stories", "test", "module", "browser", "development|production"] from package /Users/yashvardhansingh/test/opencode/packages/ui/node_modules/solid-js (see exports field in /Users/yashvardhansingh/test/opencode/packages/ui/node_modules/solid-js/package.json))
[21:38:11.140] [DEBUG] Could not resolve solid-js from /Users/yashvardhansingh/test/opencode/packages/ui/src/components/provider-icon.tsx
[21:38:11.141] [DEBUG] ChangeDetectionResolverFactory: '@solid-primitives/event-listener' from '/Users/yashvardhansingh/test/opencode/packages/ui/src/components/list.tsx' unresolved ("." is not exported under the conditions ["solid", "development", "storybook", "stories", "test", "module", "browser", "development|production"] from package /Users/yashvardhansingh/test/opencode/packages/ui/node_modules/@solid-primitives/event-listener (see exports field in /Users/yashvardhansingh/test/opencode/packages/ui/node_modules/@solid-primitives/event-listener/package.json))
[21:38:11.141] [DEBUG] Could not resolve @solid-primitives/event-listener from /Users/yashvardhansingh/test/opencode/packages/ui/src/components/list.tsx
[21:38:11.141] [DEBUG] ChangeDetectionResolverFactory: '@solid-primitives/event-listener' from '/Users/yashvardhansingh/test/opencode/packages/ui/src/context/dialog.tsx' unresolved ("." is not exported under the conditions ["solid", "development", "storybook", "stories", "test", "module", "browser", "development|production"] from package /Users/yashvardhansingh/test/opencode/packages/ui/node_modules/@solid-primitives/event-listener (see exports field in /Users/yashvardhansingh/test/opencode/packages/ui/node_modules/@solid-primitives/event-listener/package.json))
[21:38:11.141] [DEBUG] Could not resolve @solid-primitives/event-listener from /Users/yashvardhansingh/test/opencode/packages/ui/src/context/dialog.tsx
[21:38:11.141] [DEBUG] ChangeDetectionResolverFactory: 'solid-js' from '/Users/yashvardhansingh/test/opencode/packages/ui/src/components/resize-handle.tsx' unresolved ("." is not exported under the conditions ["solid", "development", "storybook", "stories", "test", "module", "browser", "development|production"] from package /Users/yashvardhansingh/test/opencode/packages/ui/node_modules/solid-js (see exports field in /Users/yashvardhansingh/test/opencode/packages/ui/node_modules/solid-js/package.json))
[21:38:11.141] [DEBUG] Could not resolve solid-js from /Users/yashvardhansingh/test/opencode/packages/ui/src/components/resize-handle.tsx
[21:38:11.141] [DEBUG] ChangeDetectionResolverFactory: 'solid-js' from '/Users/yashvardhansingh/test/opencode/packages/ui/src/components/tabs.stories.tsx' unresolved ("." is not exported under the conditions ["solid", "development", "storybook", "stories", "test", "module", "browser", "development|production"] from package /Users/yashvardhansingh/test/opencode/packages/ui/node_modules/solid-js (see exports field in /Users/yashvardhansingh/test/opencode/packages/ui/node_modules/solid-js/package.json))
[21:38:11.141] [DEBUG] Could not resolve solid-js from /Users/yashvardhansingh/test/opencode/packages/ui/src/components/tabs.stories.tsx
[21:38:11.141] [DEBUG] ChangeDetectionResolverFactory: 'solid-js' from '/Users/yashvardhansingh/test/opencode/packages/ui/src/components/spinner.tsx' unresolved ("." is not exported under the conditions ["solid", "development", "storybook", "stories", "test", "module", "browser", "development|production"] from package /Users/yashvardhansingh/test/opencode/packages/ui/node_modules/solid-js (see exports field in /Users/yashvardhansingh/test/opencode/packages/ui/node_modules/solid-js/package.json))
[21:38:11.141] [DEBUG] Could not resolve solid-js from /Users/yashvardhansingh/test/opencode/packages/ui/src/components/spinner.tsx
[21:38:11.142] [DEBUG] ChangeDetectionResolverFactory: 'solid-js' from '/Users/yashvardhansingh/test/opencode/packages/ui/src/context/i18n.tsx' unresolved ("." is not exported under the conditions ["solid", "development", "storybook", "stories", "test", "module", "browser", "development|production"] from package /Users/yashvardhansingh/test/opencode/packages/ui/node_modules/solid-js (see exports field in /Users/yashvardhansingh/test/opencode/packages/ui/node_modules/solid-js/package.json))
[21:38:11.142] [DEBUG] Could not resolve solid-js from /Users/yashvardhansingh/test/opencode/packages/ui/src/context/i18n.tsx
[21:38:11.142] [DEBUG] ChangeDetectionResolverFactory: 'solid-js' from '/Users/yashvardhansingh/test/opencode/packages/ui/src/components/select.tsx' unresolved ("." is not exported under the conditions ["solid", "development", "storybook", "stories", "test", "module", "browser", "development|production"] from package /Users/yashvardhansingh/test/opencode/packages/ui/node_modules/solid-js (see exports field in /Users/yashvardhansingh/test/opencode/packages/ui/node_modules/solid-js/package.json))
[21:38:11.142] [DEBUG] Could not resolve solid-js from /Users/yashvardhansingh/test/opencode/packages/ui/src/components/select.tsx
[21:38:11.142] [DEBUG] ChangeDetectionResolverFactory: 'solid-js' from '/Users/yashvardhansingh/test/opencode/packages/ui/src/components/checkbox.tsx' unresolved ("." is not exported under the conditions ["solid", "development", "storybook", "stories", "test", "module", "browser", "development|production"] from package /Users/yashvardhansingh/test/opencode/packages/ui/node_modules/solid-js (see exports field in /Users/yashvardhansingh/test/opencode/packages/ui/node_modules/solid-js/package.json))
[21:38:11.142] [DEBUG] Could not resolve solid-js from /Users/yashvardhansingh/test/opencode/packages/ui/src/components/checkbox.tsx
[21:38:11.142] [DEBUG] ChangeDetectionResolverFactory: 'solid-js' from '/Users/yashvardhansingh/test/opencode/packages/ui/src/components/switch.tsx' unresolved ("." is not exported under the conditions ["solid", "development", "storybook", "stories", "test", "module", "browser", "development|production"] from package /Users/yashvardhansingh/test/opencode/packages/ui/node_modules/solid-js (see exports field in /Users/yashvardhansingh/test/opencode/packages/ui/node_modules/solid-js/package.json))
[21:38:11.142] [DEBUG] Could not resolve solid-js from /Users/yashvardhansingh/test/opencode/packages/ui/src/components/switch.tsx
[21:38:11.142] [DEBUG] ChangeDetectionResolverFactory: 'solid-js' from '/Users/yashvardhansingh/test/opencode/packages/ui/src/components/tag.tsx' unresolved ("." is not exported under the conditions ["solid", "development", "storybook", "stories", "test", "module", "browser", "development|production"] from package /Users/yashvardhansingh/test/opencode/packages/ui/node_modules/solid-js (see exports field in /Users/yashvardhansingh/test/opencode/packages/ui/node_modules/solid-js/package.json))
[21:38:11.142] [DEBUG] Could not resolve solid-js from /Users/yashvardhansingh/test/opencode/packages/ui/src/components/tag.tsx
[21:38:11.142] [DEBUG] ChangeDetectionResolverFactory: 'solid-js' from '/Users/yashvardhansingh/test/opencode/packages/ui/src/components/accordion.tsx' unresolved ("." is not exported under the conditions ["solid", "development", "storybook", "stories", "test", "module", "browser", "development|production"] from package /Users/yashvardhansingh/test/opencode/packages/ui/node_modules/solid-js (see exports field in /Users/yashvardhansingh/test/opencode/packages/ui/node_modules/solid-js/package.json))
[21:38:11.142] [DEBUG] Could not resolve solid-js from /Users/yashvardhansingh/test/opencode/packages/ui/src/components/accordion.tsx
[21:38:11.142] [DEBUG] ChangeDetectionResolverFactory: 'remeda' from '/Users/yashvardhansingh/test/opencode/packages/ui/src/components/select.tsx' unresolved ("." is not exported under the conditions ["solid", "development", "storybook", "stories", "test", "module", "browser", "development|production"] from package /Users/yashvardhansingh/test/opencode/packages/ui/node_modules/remeda (see exports field in /Users/yashvardhansingh/test/opencode/packages/ui/node_modules/remeda/package.json))
[21:38:11.142] [DEBUG] Could not resolve remeda from /Users/yashvardhansingh/test/opencode/packages/ui/src/components/select.tsx
[21:38:11.142] [DEBUG] ChangeDetectionResolverFactory: 'solid-js' from '/Users/yashvardhansingh/test/opencode/packages/ui/src/components/text-reveal.stories.tsx' unresolved ("." is not exported under the conditions ["solid", "development", "storybook", "stories", "test", "module", "browser", "development|production"] from package /Users/yashvardhansingh/test/opencode/packages/ui/node_modules/solid-js (see exports field in /Users/yashvardhansingh/test/opencode/packages/ui/node_modules/solid-js/package.json))
[21:38:11.142] [DEBUG] Could not resolve solid-js from /Users/yashvardhansingh/test/opencode/packages/ui/src/components/text-reveal.stories.tsx
[21:38:11.142] [DEBUG] ChangeDetectionResolverFactory: 'solid-js' from '/Users/yashvardhansingh/test/opencode/packages/ui/src/components/text-field.tsx' unresolved ("." is not exported under the conditions ["solid", "development", "storybook", "stories", "test", "module", "browser", "development|production"] from package /Users/yashvardhansingh/test/opencode/packages/ui/node_modules/solid-js (see exports field in /Users/yashvardhansingh/test/opencode/packages/ui/node_modules/solid-js/package.json))
[21:38:11.142] [DEBUG] Could not resolve solid-js from /Users/yashvardhansingh/test/opencode/packages/ui/src/components/text-field.tsx
[21:38:11.143] [DEBUG] ChangeDetectionResolverFactory: 'solid-js/store' from '/Users/yashvardhansingh/test/opencode/packages/ui/src/components/text-reveal.stories.tsx' unresolved ("./store" is not exported under the conditions ["solid", "development", "storybook", "stories", "test", "module", "browser", "development|production"] from package /Users/yashvardhansingh/test/opencode/packages/ui/node_modules/solid-js (see exports field in /Users/yashvardhansingh/test/opencode/packages/ui/node_modules/solid-js/package.json))
[21:38:11.143] [DEBUG] Could not resolve solid-js/store from /Users/yashvardhansingh/test/opencode/packages/ui/src/components/text-reveal.stories.tsx
[21:38:11.143] [DEBUG] ChangeDetectionResolverFactory: 'solid-js' from '/Users/yashvardhansingh/test/opencode/packages/ui/src/components/text-strikethrough.stories.tsx' unresolved ("." is not exported under the conditions ["solid", "development", "storybook", "stories", "test", "module", "browser", "development|production"] from package /Users/yashvardhansingh/test/opencode/packages/ui/node_modules/solid-js (see exports field in /Users/yashvardhansingh/test/opencode/packages/ui/node_modules/solid-js/package.json))
[21:38:11.143] [DEBUG] Could not resolve solid-js from /Users/yashvardhansingh/test/opencode/packages/ui/src/components/text-strikethrough.stories.tsx
[21:38:11.143] [DEBUG] ChangeDetectionResolverFactory: 'solid-js' from '/Users/yashvardhansingh/test/opencode/packages/ui/src/components/tabs.tsx' unresolved ("." is not exported under the conditions ["solid", "development", "storybook", "stories", "test", "module", "browser", "development|production"] from package /Users/yashvardhansingh/test/opencode/packages/ui/node_modules/solid-js (see exports field in /Users/yashvardhansingh/test/opencode/packages/ui/node_modules/solid-js/package.json))
[21:38:11.143] [DEBUG] Could not resolve solid-js from /Users/yashvardhansingh/test/opencode/packages/ui/src/components/tabs.tsx
[21:38:11.143] [DEBUG] ChangeDetectionResolverFactory: '@solid-primitives/resize-observer' from '/Users/yashvardhansingh/test/opencode/packages/ui/src/components/text-strikethrough.stories.tsx' unresolved ("." is not exported under the conditions ["solid", "development", "storybook", "stories", "test", "module", "browser", "development|production"] from package /Users/yashvardhansingh/test/opencode/packages/ui/node_modules/@solid-primitives/resize-observer (see exports field in /Users/yashvardhansingh/test/opencode/packages/ui/node_modules/@solid-primitives/resize-observer/package.json))
[21:38:11.143] [DEBUG] Could not resolve @solid-primitives/resize-observer from /Users/yashvardhansingh/test/opencode/packages/ui/src/components/text-strikethrough.stories.tsx
[21:38:11.143] [DEBUG] ChangeDetectionResolverFactory: 'solid-js' from '/Users/yashvardhansingh/test/opencode/packages/ui/src/components/sticky-accordion-header.tsx' unresolved ("." is not exported under the conditions ["solid", "development", "storybook", "stories", "test", "module", "browser", "development|production"] from package /Users/yashvardhansingh/test/opencode/packages/ui/node_modules/solid-js (see exports field in /Users/yashvardhansingh/test/opencode/packages/ui/node_modules/solid-js/package.json))
[21:38:11.143] [DEBUG] Could not resolve solid-js from /Users/yashvardhansingh/test/opencode/packages/ui/src/components/sticky-accordion-header.tsx
[21:38:11.143] [DEBUG] ChangeDetectionResolverFactory: 'solid-js/store' from '/Users/yashvardhansingh/test/opencode/packages/ui/src/components/text-strikethrough.stories.tsx' unresolved ("./store" is not exported under the conditions ["solid", "development", "storybook", "stories", "test", "module", "browser", "development|production"] from package /Users/yashvardhansingh/test/opencode/packages/ui/node_modules/solid-js (see exports field in /Users/yashvardhansingh/test/opencode/packages/ui/node_modules/solid-js/package.json))
[21:38:11.143] [DEBUG] Could not resolve solid-js/store from /Users/yashvardhansingh/test/opencode/packages/ui/src/components/text-strikethrough.stories.tsx
[21:38:11.143] [DEBUG] ChangeDetectionResolverFactory: 'solid-js' from '/Users/yashvardhansingh/test/opencode/packages/ui/src/components/text-shimmer.tsx' unresolved ("." is not exported under the conditions ["solid", "development", "storybook", "stories", "test", "module", "browser", "development|production"] from package /Users/yashvardhansingh/test/opencode/packages/ui/node_modules/solid-js (see exports field in /Users/yashvardhansingh/test/opencode/packages/ui/node_modules/solid-js/package.json))
[21:38:11.143] [DEBUG] Could not resolve solid-js from /Users/yashvardhansingh/test/opencode/packages/ui/src/components/text-shimmer.tsx
[21:38:11.143] [DEBUG] ChangeDetectionResolverFactory: 'solid-js/web' from '/Users/yashvardhansingh/test/opencode/packages/ui/src/components/text-shimmer.tsx' unresolved ("./web" is not exported under the conditions ["solid", "development", "storybook", "stories", "test", "module", "browser", "development|production"] from package /Users/yashvardhansingh/test/opencode/packages/ui/node_modules/solid-js (see exports field in /Users/yashvardhansingh/test/opencode/packages/ui/node_modules/solid-js/package.json))
[21:38:11.143] [DEBUG] Could not resolve solid-js/web from /Users/yashvardhansingh/test/opencode/packages/ui/src/components/text-shimmer.tsx
[21:38:11.144] [DEBUG] ChangeDetectionResolverFactory: 'solid-js' from '/Users/yashvardhansingh/test/opencode/packages/ui/src/components/thinking-heading.stories.tsx' unresolved ("." is not exported under the conditions ["solid", "development", "storybook", "stories", "test", "module", "browser", "development|production"] from package /Users/yashvardhansingh/test/opencode/packages/ui/node_modules/solid-js (see exports field in /Users/yashvardhansingh/test/opencode/packages/ui/node_modules/solid-js/package.json))
[21:38:11.144] [DEBUG] Could not resolve solid-js from /Users/yashvardhansingh/test/opencode/packages/ui/src/components/thinking-heading.stories.tsx
[21:38:11.144] [DEBUG] ChangeDetectionResolverFactory: 'solid-js/store' from '/Users/yashvardhansingh/test/opencode/packages/ui/src/components/thinking-heading.stories.tsx' unresolved ("./store" is not exported under the conditions ["solid", "development", "storybook", "stories", "test", "module", "browser", "development|production"] from package /Users/yashvardhansingh/test/opencode/packages/ui/node_modules/solid-js (see exports field in /Users/yashvardhansingh/test/opencode/packages/ui/node_modules/solid-js/package.json))
[21:38:11.144] [DEBUG] Could not resolve solid-js/store from /Users/yashvardhansingh/test/opencode/packages/ui/src/components/thinking-heading.stories.tsx
[21:38:11.144] [DEBUG] ChangeDetectionResolverFactory: 'remeda' from '/Users/yashvardhansingh/test/opencode/packages/ui/src/hooks/use-filtered-list.tsx' unresolved ("." is not exported under the conditions ["solid", "development", "storybook", "stories", "test", "module", "browser", "development|production"] from package /Users/yashvardhansingh/test/opencode/packages/ui/node_modules/remeda (see exports field in /Users/yashvardhansingh/test/opencode/packages/ui/node_modules/remeda/package.json))
[21:38:11.144] [DEBUG] Could not resolve remeda from /Users/yashvardhansingh/test/opencode/packages/ui/src/hooks/use-filtered-list.tsx
[21:38:11.144] [DEBUG] ChangeDetectionResolverFactory: 'solid-js' from '/Users/yashvardhansingh/test/opencode/packages/ui/src/components/tooltip.tsx' unresolved ("." is not exported under the conditions ["solid", "development", "storybook", "stories", "test", "module", "browser", "development|production"] from package /Users/yashvardhansingh/test/opencode/packages/ui/node_modules/solid-js (see exports field in /Users/yashvardhansingh/test/opencode/packages/ui/node_modules/solid-js/package.json))
[21:38:11.144] [DEBUG] Could not resolve solid-js from /Users/yashvardhansingh/test/opencode/packages/ui/src/components/tooltip.tsx
[21:38:11.144] [DEBUG] ChangeDetectionResolverFactory: 'solid-js' from '/Users/yashvardhansingh/test/opencode/packages/ui/src/hooks/use-filtered-list.tsx' unresolved ("." is not exported under the conditions ["solid", "development", "storybook", "stories", "test", "module", "browser", "development|production"] from package /Users/yashvardhansingh/test/opencode/packages/ui/node_modules/solid-js (see exports field in /Users/yashvardhansingh/test/opencode/packages/ui/node_modules/solid-js/package.json))
[21:38:11.144] [DEBUG] Could not resolve solid-js from /Users/yashvardhansingh/test/opencode/packages/ui/src/hooks/use-filtered-list.tsx
[21:38:11.144] [DEBUG] ChangeDetectionResolverFactory: 'solid-js' from '/Users/yashvardhansingh/test/opencode/packages/ui/src/components/text-reveal.tsx' unresolved ("." is not exported under the conditions ["solid", "development", "storybook", "stories", "test", "module", "browser", "development|production"] from package /Users/yashvardhansingh/test/opencode/packages/ui/node_modules/solid-js (see exports field in /Users/yashvardhansingh/test/opencode/packages/ui/node_modules/solid-js/package.json))
[21:38:11.144] [DEBUG] Could not resolve solid-js from /Users/yashvardhansingh/test/opencode/packages/ui/src/components/text-reveal.tsx
[21:38:11.144] [DEBUG] ChangeDetectionResolverFactory: 'solid-js/store' from '/Users/yashvardhansingh/test/opencode/packages/ui/src/components/tooltip.tsx' unresolved ("./store" is not exported under the conditions ["solid", "development", "storybook", "stories", "test", "module", "browser", "development|production"] from package /Users/yashvardhansingh/test/opencode/packages/ui/node_modules/solid-js (see exports field in /Users/yashvardhansingh/test/opencode/packages/ui/node_modules/solid-js/package.json))
[21:38:11.144] [DEBUG] Could not resolve solid-js/store from /Users/yashvardhansingh/test/opencode/packages/ui/src/components/tooltip.tsx
[21:38:11.144] [DEBUG] ChangeDetectionResolverFactory: 'solid-js/store' from '/Users/yashvardhansingh/test/opencode/packages/ui/src/hooks/use-filtered-list.tsx' unresolved ("./store" is not exported under the conditions ["solid", "development", "storybook", "stories", "test", "module", "browser", "development|production"] from package /Users/yashvardhansingh/test/opencode/packages/ui/node_modules/solid-js (see exports field in /Users/yashvardhansingh/test/opencode/packages/ui/node_modules/solid-js/package.json))
[21:38:11.144] [DEBUG] Could not resolve solid-js/store from /Users/yashvardhansingh/test/opencode/packages/ui/src/hooks/use-filtered-list.tsx
[21:38:11.144] [DEBUG] ChangeDetectionResolverFactory: 'solid-js/store' from '/Users/yashvardhansingh/test/opencode/packages/ui/src/components/text-reveal.tsx' unresolved ("./store" is not exported under the conditions ["solid", "development", "storybook", "stories", "test", "module", "browser", "development|production"] from package /Users/yashvardhansingh/test/opencode/packages/ui/node_modules/solid-js (see exports field in /Users/yashvardhansingh/test/opencode/packages/ui/node_modules/solid-js/package.json))
[21:38:11.144] [DEBUG] Could not resolve solid-js/store from /Users/yashvardhansingh/test/opencode/packages/ui/src/components/text-reveal.tsx
[21:38:11.145] [DEBUG] ChangeDetectionResolverFactory: 'solid-js' from '/Users/yashvardhansingh/test/opencode/packages/ui/src/components/typewriter.tsx' unresolved ("." is not exported under the conditions ["solid", "development", "storybook", "stories", "test", "module", "browser", "development|production"] from package /Users/yashvardhansingh/test/opencode/packages/ui/node_modules/solid-js (see exports field in /Users/yashvardhansingh/test/opencode/packages/ui/node_modules/solid-js/package.json))
[21:38:11.145] [DEBUG] Could not resolve solid-js from /Users/yashvardhansingh/test/opencode/packages/ui/src/components/typewriter.tsx
[21:38:11.145] [DEBUG] ChangeDetectionResolverFactory: 'solid-js' from '/Users/yashvardhansingh/test/opencode/packages/ui/src/components/motion-spring.tsx' unresolved ("." is not exported under the conditions ["solid", "development", "storybook", "stories", "test", "module", "browser", "development|production"] from package /Users/yashvardhansingh/test/opencode/packages/ui/node_modules/solid-js (see exports field in /Users/yashvardhansingh/test/opencode/packages/ui/node_modules/solid-js/package.json))
[21:38:11.145] [DEBUG] Could not resolve solid-js from /Users/yashvardhansingh/test/opencode/packages/ui/src/components/motion-spring.tsx
[21:38:11.145] [DEBUG] ChangeDetectionResolverFactory: 'solid-js' from '/Users/yashvardhansingh/test/opencode/packages/ui/src/components/toast.tsx' unresolved ("." is not exported under the conditions ["solid", "development", "storybook", "stories", "test", "module", "browser", "development|production"] from package /Users/yashvardhansingh/test/opencode/packages/ui/node_modules/solid-js (see exports field in /Users/yashvardhansingh/test/opencode/packages/ui/node_modules/solid-js/package.json))
[21:38:11.145] [DEBUG] Could not resolve solid-js from /Users/yashvardhansingh/test/opencode/packages/ui/src/components/toast.tsx
[21:38:11.145] [DEBUG] ChangeDetectionResolverFactory: 'solid-js/store' from '/Users/yashvardhansingh/test/opencode/packages/ui/src/components/typewriter.tsx' unresolved ("./store" is not exported under the conditions ["solid", "development", "storybook", "stories", "test", "module", "browser", "development|production"] from package /Users/yashvardhansingh/test/opencode/packages/ui/node_modules/solid-js (see exports field in /Users/yashvardhansingh/test/opencode/packages/ui/node_modules/solid-js/package.json))
[21:38:11.145] [DEBUG] Could not resolve solid-js/store from /Users/yashvardhansingh/test/opencode/packages/ui/src/components/typewriter.tsx
[21:38:11.145] [DEBUG] ChangeDetectionResolverFactory: 'solid-js' from '/Users/yashvardhansingh/test/opencode/packages/claxedo-app/src/ui/controls/claxedo-icon.tsx' unresolved ("." is not exported under the conditions ["solid", "development", "storybook", "stories", "test", "module", "browser", "development|production"] from package /Users/yashvardhansingh/test/opencode/packages/claxedo-app/node_modules/solid-js (see exports field in /Users/yashvardhansingh/test/opencode/packages/claxedo-app/node_modules/solid-js/package.json))
[21:38:11.145] [DEBUG] Could not resolve solid-js from /Users/yashvardhansingh/test/opencode/packages/claxedo-app/src/ui/controls/claxedo-icon.tsx
[21:38:11.145] [DEBUG] ChangeDetectionResolverFactory: 'solid-js/web' from '/Users/yashvardhansingh/test/opencode/packages/ui/src/components/typewriter.tsx' unresolved ("./web" is not exported under the conditions ["solid", "development", "storybook", "stories", "test", "module", "browser", "development|production"] from package /Users/yashvardhansingh/test/opencode/packages/ui/node_modules/solid-js (see exports field in /Users/yashvardhansingh/test/opencode/packages/ui/node_modules/solid-js/package.json))
[21:38:11.145] [DEBUG] Could not resolve solid-js/web from /Users/yashvardhansingh/test/opencode/packages/ui/src/components/typewriter.tsx
[21:38:11.145] [DEBUG] ChangeDetectionResolverFactory: 'solid-js/web' from '/Users/yashvardhansingh/test/opencode/packages/ui/src/components/toast.tsx' unresolved ("./web" is not exported under the conditions ["solid", "development", "storybook", "stories", "test", "module", "browser", "development|production"] from package /Users/yashvardhansingh/test/opencode/packages/ui/node_modules/solid-js (see exports field in /Users/yashvardhansingh/test/opencode/packages/ui/node_modules/solid-js/package.json))
[21:38:11.145] [DEBUG] Could not resolve solid-js/web from /Users/yashvardhansingh/test/opencode/packages/ui/src/components/toast.tsx
[21:38:11.145] [DEBUG] ChangeDetectionResolverFactory: 'solid-js' from '/Users/yashvardhansingh/test/opencode/packages/ui/src/hooks/create-auto-scroll.tsx' unresolved ("." is not exported under the conditions ["solid", "development", "storybook", "stories", "test", "module", "browser", "development|production"] from package /Users/yashvardhansingh/test/opencode/packages/ui/node_modules/solid-js (see exports field in /Users/yashvardhansingh/test/opencode/packages/ui/node_modules/solid-js/package.json))
[21:38:11.145] [DEBUG] Could not resolve solid-js from /Users/yashvardhansingh/test/opencode/packages/ui/src/hooks/create-auto-scroll.tsx
[21:38:11.146] [DEBUG] ChangeDetectionResolverFactory: 'solid-js' from '/Users/yashvardhansingh/test/opencode/packages/ui/src/v2/components/avatar-v2.tsx' unresolved ("." is not exported under the conditions ["solid", "development", "storybook", "stories", "test", "module", "browser", "development|production"] from package /Users/yashvardhansingh/test/opencode/packages/ui/node_modules/solid-js (see exports field in /Users/yashvardhansingh/test/opencode/packages/ui/node_modules/solid-js/package.json))
[21:38:11.146] [DEBUG] Could not resolve solid-js from /Users/yashvardhansingh/test/opencode/packages/ui/src/v2/components/avatar-v2.tsx
[21:38:11.146] [DEBUG] ChangeDetectionResolverFactory: 'solid-js' from '/Users/yashvardhansingh/test/opencode/packages/ui/src/v2/components/badge-v2.tsx' unresolved ("." is not exported under the conditions ["solid", "development", "storybook", "stories", "test", "module", "browser", "development|production"] from package /Users/yashvardhansingh/test/opencode/packages/ui/node_modules/solid-js (see exports field in /Users/yashvardhansingh/test/opencode/packages/ui/node_modules/solid-js/package.json))
[21:38:11.146] [DEBUG] Could not resolve solid-js from /Users/yashvardhansingh/test/opencode/packages/ui/src/v2/components/badge-v2.tsx
[21:38:11.146] [DEBUG] ChangeDetectionResolverFactory: 'solid-js/store' from '/Users/yashvardhansingh/test/opencode/packages/ui/src/hooks/create-auto-scroll.tsx' unresolved ("./store" is not exported under the conditions ["solid", "development", "storybook", "stories", "test", "module", "browser", "development|production"] from package /Users/yashvardhansingh/test/opencode/packages/ui/node_modules/solid-js (see exports field in /Users/yashvardhansingh/test/opencode/packages/ui/node_modules/solid-js/package.json))
[21:38:11.146] [DEBUG] Could not resolve solid-js/store from /Users/yashvardhansingh/test/opencode/packages/ui/src/hooks/create-auto-scroll.tsx
[21:38:11.146] [DEBUG] ChangeDetectionResolverFactory: 'solid-js' from '/Users/yashvardhansingh/test/opencode/packages/ui/src/components/text-strikethrough.tsx' unresolved ("." is not exported under the conditions ["solid", "development", "storybook", "stories", "test", "module", "browser", "development|production"] from package /Users/yashvardhansingh/test/opencode/packages/ui/node_modules/solid-js (see exports field in /Users/yashvardhansingh/test/opencode/packages/ui/node_modules/solid-js/package.json))
[21:38:11.146] [DEBUG] Could not resolve solid-js from /Users/yashvardhansingh/test/opencode/packages/ui/src/components/text-strikethrough.tsx
[21:38:11.146] [DEBUG] ChangeDetectionResolverFactory: 'solid-js' from '/Users/yashvardhansingh/test/opencode/packages/ui/src/v2/components/accordion-v2.tsx' unresolved ("." is not exported under the conditions ["solid", "development", "storybook", "stories", "test", "module", "browser", "development|production"] from package /Users/yashvardhansingh/test/opencode/packages/ui/node_modules/solid-js (see exports field in /Users/yashvardhansingh/test/opencode/packages/ui/node_modules/solid-js/package.json))
[21:38:11.146] [DEBUG] Could not resolve solid-js from /Users/yashvardhansingh/test/opencode/packages/ui/src/v2/components/accordion-v2.tsx
[21:38:11.147] [DEBUG] ChangeDetectionResolverFactory: '@solid-primitives/event-listener' from '/Users/yashvardhansingh/test/opencode/packages/ui/src/hooks/create-auto-scroll.tsx' unresolved ("." is not exported under the conditions ["solid", "development", "storybook", "stories", "test", "module", "browser", "development|production"] from package /Users/yashvardhansingh/test/opencode/packages/ui/node_modules/@solid-primitives/event-listener (see exports field in /Users/yashvardhansingh/test/opencode/packages/ui/node_modules/@solid-primitives/event-listener/package.json))
[21:38:11.147] [DEBUG] Could not resolve @solid-primitives/event-listener from /Users/yashvardhansingh/test/opencode/packages/ui/src/hooks/create-auto-scroll.tsx
[21:38:11.147] [DEBUG] ChangeDetectionResolverFactory: '@solid-primitives/resize-observer' from '/Users/yashvardhansingh/test/opencode/packages/ui/src/components/text-strikethrough.tsx' unresolved ("." is not exported under the conditions ["solid", "development", "storybook", "stories", "test", "module", "browser", "development|production"] from package /Users/yashvardhansingh/test/opencode/packages/ui/node_modules/@solid-primitives/resize-observer (see exports field in /Users/yashvardhansingh/test/opencode/packages/ui/node_modules/@solid-primitives/resize-observer/package.json))
[21:38:11.147] [DEBUG] Could not resolve @solid-primitives/resize-observer from /Users/yashvardhansingh/test/opencode/packages/ui/src/components/text-strikethrough.tsx
[21:38:11.147] [DEBUG] ChangeDetectionResolverFactory: 'solid-js' from '/Users/yashvardhansingh/test/opencode/packages/ui/src/v2/components/checkbox-v2.stories.tsx' unresolved ("." is not exported under the conditions ["solid", "development", "storybook", "stories", "test", "module", "browser", "development|production"] from package /Users/yashvardhansingh/test/opencode/packages/ui/node_modules/solid-js (see exports field in /Users/yashvardhansingh/test/opencode/packages/ui/node_modules/solid-js/package.json))
[21:38:11.147] [DEBUG] Could not resolve solid-js from /Users/yashvardhansingh/test/opencode/packages/ui/src/v2/components/checkbox-v2.stories.tsx
[21:38:11.147] [DEBUG] ChangeDetectionResolverFactory: 'solid-js' from '/Users/yashvardhansingh/test/opencode/packages/ui/src/v2/components/button-v2.tsx' unresolved ("." is not exported under the conditions ["solid", "development", "storybook", "stories", "test", "module", "browser", "development|production"] from package /Users/yashvardhansingh/test/opencode/packages/ui/node_modules/solid-js (see exports field in /Users/yashvardhansingh/test/opencode/packages/ui/node_modules/solid-js/package.json))
[21:38:11.147] [DEBUG] Could not resolve solid-js from /Users/yashvardhansingh/test/opencode/packages/ui/src/v2/components/button-v2.tsx
[21:38:11.147] [DEBUG] ChangeDetectionResolverFactory: '@solid-primitives/resize-observer' from '/Users/yashvardhansingh/test/opencode/packages/ui/src/hooks/create-auto-scroll.tsx' unresolved ("." is not exported under the conditions ["solid", "development", "storybook", "stories", "test", "module", "browser", "development|production"] from package /Users/yashvardhansingh/test/opencode/packages/ui/node_modules/@solid-primitives/resize-observer (see exports field in /Users/yashvardhansingh/test/opencode/packages/ui/node_modules/@solid-primitives/resize-observer/package.json))
[21:38:11.147] [DEBUG] Could not resolve @solid-primitives/resize-observer from /Users/yashvardhansingh/test/opencode/packages/ui/src/hooks/create-auto-scroll.tsx
[21:38:11.147] [DEBUG] ChangeDetectionResolverFactory: 'solid-js/store' from '/Users/yashvardhansingh/test/opencode/packages/ui/src/components/text-strikethrough.tsx' unresolved ("./store" is not exported under the conditions ["solid", "development", "storybook", "stories", "test", "module", "browser", "development|production"] from package /Users/yashvardhansingh/test/opencode/packages/ui/node_modules/solid-js (see exports field in /Users/yashvardhansingh/test/opencode/packages/ui/node_modules/solid-js/package.json))
[21:38:11.147] [DEBUG] Could not resolve solid-js/store from /Users/yashvardhansingh/test/opencode/packages/ui/src/components/text-strikethrough.tsx
[21:38:11.147] [DEBUG] ChangeDetectionResolverFactory: 'solid-js' from '/Users/yashvardhansingh/test/opencode/packages/ui/src/v2/components/inline-input-v2.stories.tsx' unresolved ("." is not exported under the conditions ["solid", "development", "storybook", "stories", "test", "module", "browser", "development|production"] from package /Users/yashvardhansingh/test/opencode/packages/ui/node_modules/solid-js (see exports field in /Users/yashvardhansingh/test/opencode/packages/ui/node_modules/solid-js/package.json))
[21:38:11.147] [DEBUG] Could not resolve solid-js from /Users/yashvardhansingh/test/opencode/packages/ui/src/v2/components/inline-input-v2.stories.tsx
[21:38:11.148] [DEBUG] ChangeDetectionResolverFactory: 'solid-js' from '/Users/yashvardhansingh/test/opencode/packages/ui/src/v2/components/field-v2.stories.tsx' unresolved ("." is not exported under the conditions ["solid", "development", "storybook", "stories", "test", "module", "browser", "development|production"] from package /Users/yashvardhansingh/test/opencode/packages/ui/node_modules/solid-js (see exports field in /Users/yashvardhansingh/test/opencode/packages/ui/node_modules/solid-js/package.json))
[21:38:11.148] [DEBUG] Could not resolve solid-js from /Users/yashvardhansingh/test/opencode/packages/ui/src/v2/components/field-v2.stories.tsx
[21:38:11.148] [DEBUG] ChangeDetectionResolverFactory: 'solid-js' from '/Users/yashvardhansingh/test/opencode/packages/ui/src/v2/components/line-comment-v2.stories.tsx' unresolved ("." is not exported under the conditions ["solid", "development", "storybook", "stories", "test", "module", "browser", "development|production"] from package /Users/yashvardhansingh/test/opencode/packages/ui/node_modules/solid-js (see exports field in /Users/yashvardhansingh/test/opencode/packages/ui/node_modules/solid-js/package.json))
[21:38:11.148] [DEBUG] Could not resolve solid-js from /Users/yashvardhansingh/test/opencode/packages/ui/src/v2/components/line-comment-v2.stories.tsx
[21:38:11.148] [DEBUG] ChangeDetectionResolverFactory: 'solid-js' from '/Users/yashvardhansingh/test/opencode/packages/ui/src/v2/components/project-avatar-v2.stories.tsx' unresolved ("." is not exported under the conditions ["solid", "development", "storybook", "stories", "test", "module", "browser", "development|production"] from package /Users/yashvardhansingh/test/opencode/packages/ui/node_modules/solid-js (see exports field in /Users/yashvardhansingh/test/opencode/packages/ui/node_modules/solid-js/package.json))
[21:38:11.148] [DEBUG] Could not resolve solid-js from /Users/yashvardhansingh/test/opencode/packages/ui/src/v2/components/project-avatar-v2.stories.tsx
[21:38:11.149] [DEBUG] ChangeDetectionResolverFactory: 'solid-js' from '/Users/yashvardhansingh/test/opencode/packages/ui/src/v2/components/radio-v2.stories.tsx' unresolved ("." is not exported under the conditions ["solid", "development", "storybook", "stories", "test", "module", "browser", "development|production"] from package /Users/yashvardhansingh/test/opencode/packages/ui/node_modules/solid-js (see exports field in /Users/yashvardhansingh/test/opencode/packages/ui/node_modules/solid-js/package.json))
[21:38:11.149] [DEBUG] Could not resolve solid-js from /Users/yashvardhansingh/test/opencode/packages/ui/src/v2/components/radio-v2.stories.tsx
[21:38:11.149] [DEBUG] ChangeDetectionResolverFactory: 'solid-js' from '/Users/yashvardhansingh/test/opencode/packages/ui/src/v2/components/segmented-control-v2.stories.tsx' unresolved ("." is not exported under the conditions ["solid", "development", "storybook", "stories", "test", "module", "browser", "development|production"] from package /Users/yashvardhansingh/test/opencode/packages/ui/node_modules/solid-js (see exports field in /Users/yashvardhansingh/test/opencode/packages/ui/node_modules/solid-js/package.json))
[21:38:11.149] [DEBUG] Could not resolve solid-js from /Users/yashvardhansingh/test/opencode/packages/ui/src/v2/components/segmented-control-v2.stories.tsx
[21:38:11.149] [DEBUG] ChangeDetectionResolverFactory: 'solid-js' from '/Users/yashvardhansingh/test/opencode/packages/ui/src/v2/components/menu-v2.stories.tsx' unresolved ("." is not exported under the conditions ["solid", "development", "storybook", "stories", "test", "module", "browser", "development|production"] from package /Users/yashvardhansingh/test/opencode/packages/ui/node_modules/solid-js (see exports field in /Users/yashvardhansingh/test/opencode/packages/ui/node_modules/solid-js/package.json))
[21:38:11.149] [DEBUG] Could not resolve solid-js from /Users/yashvardhansingh/test/opencode/packages/ui/src/v2/components/menu-v2.stories.tsx
[21:38:11.149] [DEBUG] ChangeDetectionResolverFactory: 'solid-js' from '/Users/yashvardhansingh/test/opencode/packages/ui/src/v2/components/textarea-v2.stories.tsx' unresolved ("." is not exported under the conditions ["solid", "development", "storybook", "stories", "test", "module", "browser", "development|production"] from package /Users/yashvardhansingh/test/opencode/packages/ui/node_modules/solid-js (see exports field in /Users/yashvardhansingh/test/opencode/packages/ui/node_modules/solid-js/package.json))
[21:38:11.149] [DEBUG] Could not resolve solid-js from /Users/yashvardhansingh/test/opencode/packages/ui/src/v2/components/textarea-v2.stories.tsx
[21:38:11.149] [DEBUG] ChangeDetectionResolverFactory: 'solid-js' from '/Users/yashvardhansingh/test/opencode/packages/ui/src/v2/components/tabs-v2.stories.tsx' unresolved ("." is not exported under the conditions ["solid", "development", "storybook", "stories", "test", "module", "browser", "development|production"] from package /Users/yashvardhansingh/test/opencode/packages/ui/node_modules/solid-js (see exports field in /Users/yashvardhansingh/test/opencode/packages/ui/node_modules/solid-js/package.json))
[21:38:11.149] [DEBUG] Could not resolve solid-js from /Users/yashvardhansingh/test/opencode/packages/ui/src/v2/components/tabs-v2.stories.tsx
[21:38:11.149] [DEBUG] ChangeDetectionResolverFactory: 'solid-js' from '/Users/yashvardhansingh/test/opencode/packages/ui/src/v2/components/select-v2.stories.tsx' unresolved ("." is not exported under the conditions ["solid", "development", "storybook", "stories", "test", "module", "browser", "development|production"] from package /Users/yashvardhansingh/test/opencode/packages/ui/node_modules/solid-js (see exports field in /Users/yashvardhansingh/test/opencode/packages/ui/node_modules/solid-js/package.json))
[21:38:11.149] [DEBUG] Could not resolve solid-js from /Users/yashvardhansingh/test/opencode/packages/ui/src/v2/components/select-v2.stories.tsx
[21:38:11.149] [DEBUG] ChangeDetectionResolverFactory: 'solid-js' from '/Users/yashvardhansingh/test/opencode/packages/ui/src/v2/components/text-input-v2.stories.tsx' unresolved ("." is not exported under the conditions ["solid", "development", "storybook", "stories", "test", "module", "browser", "development|production"] from package /Users/yashvardhansingh/test/opencode/packages/ui/node_modules/solid-js (see exports field in /Users/yashvardhansingh/test/opencode/packages/ui/node_modules/solid-js/package.json))
[21:38:11.149] [DEBUG] Could not resolve solid-js from /Users/yashvardhansingh/test/opencode/packages/ui/src/v2/components/text-input-v2.stories.tsx
[21:38:11.149] [DEBUG] ChangeDetectionResolverFactory: 'solid-js' from '/Users/yashvardhansingh/test/opencode/packages/ui/src/v2/components/divider-v2.tsx' unresolved ("." is not exported under the conditions ["solid", "development", "storybook", "stories", "test", "module", "browser", "development|production"] from package /Users/yashvardhansingh/test/opencode/packages/ui/node_modules/solid-js (see exports field in /Users/yashvardhansingh/test/opencode/packages/ui/node_modules/solid-js/package.json))
[21:38:11.149] [DEBUG] Could not resolve solid-js from /Users/yashvardhansingh/test/opencode/packages/ui/src/v2/components/divider-v2.tsx
[21:38:11.149] [DEBUG] ChangeDetectionResolverFactory: 'solid-js' from '/Users/yashvardhansingh/test/opencode/packages/ui/src/v2/components/checkbox-v2.tsx' unresolved ("." is not exported under the conditions ["solid", "development", "storybook", "stories", "test", "module", "browser", "development|production"] from package /Users/yashvardhansingh/test/opencode/packages/ui/node_modules/solid-js (see exports field in /Users/yashvardhansingh/test/opencode/packages/ui/node_modules/solid-js/package.json))
[21:38:11.149] [DEBUG] Could not resolve solid-js from /Users/yashvardhansingh/test/opencode/packages/ui/src/v2/components/checkbox-v2.tsx
[21:38:11.150] [DEBUG] ChangeDetectionResolverFactory: 'solid-js' from '/Users/yashvardhansingh/test/opencode/packages/ui/src/v2/components/icon-button-v2.tsx' unresolved ("." is not exported under the conditions ["solid", "development", "storybook", "stories", "test", "module", "browser", "development|production"] from package /Users/yashvardhansingh/test/opencode/packages/ui/node_modules/solid-js (see exports field in /Users/yashvardhansingh/test/opencode/packages/ui/node_modules/solid-js/package.json))
[21:38:11.150] [DEBUG] Could not resolve solid-js from /Users/yashvardhansingh/test/opencode/packages/ui/src/v2/components/icon-button-v2.tsx
[21:38:11.150] [DEBUG] ChangeDetectionResolverFactory: 'solid-js' from '/Users/yashvardhansingh/test/opencode/packages/ui/src/v2/components/icon.tsx' unresolved ("." is not exported under the conditions ["solid", "development", "storybook", "stories", "test", "module", "browser", "development|production"] from package /Users/yashvardhansingh/test/opencode/packages/ui/node_modules/solid-js (see exports field in /Users/yashvardhansingh/test/opencode/packages/ui/node_modules/solid-js/package.json))
[21:38:11.150] [DEBUG] Could not resolve solid-js from /Users/yashvardhansingh/test/opencode/packages/ui/src/v2/components/icon.tsx
[21:38:11.150] [DEBUG] ChangeDetectionResolverFactory: 'solid-js' from '/Users/yashvardhansingh/test/opencode/packages/ui/src/v2/components/dialog-v2.tsx' unresolved ("." is not exported under the conditions ["solid", "development", "storybook", "stories", "test", "module", "browser", "development|production"] from package /Users/yashvardhansingh/test/opencode/packages/ui/node_modules/solid-js (see exports field in /Users/yashvardhansingh/test/opencode/packages/ui/node_modules/solid-js/package.json))
[21:38:11.150] [DEBUG] Could not resolve solid-js from /Users/yashvardhansingh/test/opencode/packages/ui/src/v2/components/dialog-v2.tsx
[21:38:11.150] [DEBUG] ChangeDetectionResolverFactory: 'solid-js' from '/Users/yashvardhansingh/test/opencode/packages/ui/src/v2/components/diff-changes-v2.tsx' unresolved ("." is not exported under the conditions ["solid", "development", "storybook", "stories", "test", "module", "browser", "development|production"] from package /Users/yashvardhansingh/test/opencode/packages/ui/node_modules/solid-js (see exports field in /Users/yashvardhansingh/test/opencode/packages/ui/node_modules/solid-js/package.json))
[21:38:11.150] [DEBUG] Could not resolve solid-js from /Users/yashvardhansingh/test/opencode/packages/ui/src/v2/components/diff-changes-v2.tsx
[21:38:11.150] [DEBUG] ChangeDetectionResolverFactory: 'solid-js' from '/Users/yashvardhansingh/test/opencode/packages/ui/src/v2/components/loader-v2.tsx' unresolved ("." is not exported under the conditions ["solid", "development", "storybook", "stories", "test", "module", "browser", "development|production"] from package /Users/yashvardhansingh/test/opencode/packages/ui/node_modules/solid-js (see exports field in /Users/yashvardhansingh/test/opencode/packages/ui/node_modules/solid-js/package.json))
[21:38:11.150] [DEBUG] Could not resolve solid-js from /Users/yashvardhansingh/test/opencode/packages/ui/src/v2/components/loader-v2.tsx
[21:38:11.150] [DEBUG] ChangeDetectionResolverFactory: 'solid-js' from '/Users/yashvardhansingh/test/opencode/packages/ui/src/v2/components/keybind-v2.tsx' unresolved ("." is not exported under the conditions ["solid", "development", "storybook", "stories", "test", "module", "browser", "development|production"] from package /Users/yashvardhansingh/test/opencode/packages/ui/node_modules/solid-js (see exports field in /Users/yashvardhansingh/test/opencode/packages/ui/node_modules/solid-js/package.json))
[21:38:11.150] [DEBUG] Could not resolve solid-js from /Users/yashvardhansingh/test/opencode/packages/ui/src/v2/components/keybind-v2.tsx
[21:38:11.151] [DEBUG] ChangeDetectionResolverFactory: 'solid-js' from '/Users/yashvardhansingh/test/opencode/packages/ui/src/v2/components/switch-v2.tsx' unresolved ("." is not exported under the conditions ["solid", "development", "storybook", "stories", "test", "module", "browser", "development|production"] from package /Users/yashvardhansingh/test/opencode/packages/ui/node_modules/solid-js (see exports field in /Users/yashvardhansingh/test/opencode/packages/ui/node_modules/solid-js/package.json))
[21:38:11.151] [DEBUG] Could not resolve solid-js from /Users/yashvardhansingh/test/opencode/packages/ui/src/v2/components/switch-v2.tsx
[21:38:11.151] [DEBUG] ChangeDetectionResolverFactory: 'solid-js' from '/Users/yashvardhansingh/test/opencode/packages/ui/src/v2/components/project-avatar-v2.tsx' unresolved ("." is not exported under the conditions ["solid", "development", "storybook", "stories", "test", "module", "browser", "development|production"] from package /Users/yashvardhansingh/test/opencode/packages/ui/node_modules/solid-js (see exports field in /Users/yashvardhansingh/test/opencode/packages/ui/node_modules/solid-js/package.json))
[21:38:11.151] [DEBUG] Could not resolve solid-js from /Users/yashvardhansingh/test/opencode/packages/ui/src/v2/components/project-avatar-v2.tsx
[21:38:11.151] [DEBUG] ChangeDetectionResolverFactory: 'solid-js' from '/Users/yashvardhansingh/test/opencode/packages/ui/src/v2/components/field-v2.tsx' unresolved ("." is not exported under the conditions ["solid", "development", "storybook", "stories", "test", "module", "browser", "development|production"] from package /Users/yashvardhansingh/test/opencode/packages/ui/node_modules/solid-js (see exports field in /Users/yashvardhansingh/test/opencode/packages/ui/node_modules/solid-js/package.json))
[21:38:11.151] [DEBUG] Could not resolve solid-js from /Users/yashvardhansingh/test/opencode/packages/ui/src/v2/components/field-v2.tsx
[21:38:11.151] [DEBUG] ChangeDetectionResolverFactory: 'solid-js' from '/Users/yashvardhansingh/test/opencode/packages/ui/src/v2/components/segmented-control-v2.tsx' unresolved ("." is not exported under the conditions ["solid", "development", "storybook", "stories", "test", "module", "browser", "development|production"] from package /Users/yashvardhansingh/test/opencode/packages/ui/node_modules/solid-js (see exports field in /Users/yashvardhansingh/test/opencode/packages/ui/node_modules/solid-js/package.json))
[21:38:11.151] [DEBUG] Could not resolve solid-js from /Users/yashvardhansingh/test/opencode/packages/ui/src/v2/components/segmented-control-v2.tsx
[21:38:11.151] [DEBUG] ChangeDetectionResolverFactory: 'solid-js' from '/Users/yashvardhansingh/test/opencode/packages/ui/src/v2/components/radio-v2.tsx' unresolved ("." is not exported under the conditions ["solid", "development", "storybook", "stories", "test", "module", "browser", "development|production"] from package /Users/yashvardhansingh/test/opencode/packages/ui/node_modules/solid-js (see exports field in /Users/yashvardhansingh/test/opencode/packages/ui/node_modules/solid-js/package.json))
[21:38:11.151] [DEBUG] Could not resolve solid-js from /Users/yashvardhansingh/test/opencode/packages/ui/src/v2/components/radio-v2.tsx
[21:38:11.151] [DEBUG] ChangeDetectionResolverFactory: 'solid-js' from '/Users/yashvardhansingh/test/opencode/packages/ui/src/v2/components/text-shimmer-v2.tsx' unresolved ("." is not exported under the conditions ["solid", "development", "storybook", "stories", "test", "module", "browser", "development|production"] from package /Users/yashvardhansingh/test/opencode/packages/ui/node_modules/solid-js (see exports field in /Users/yashvardhansingh/test/opencode/packages/ui/node_modules/solid-js/package.json))
[21:38:11.151] [DEBUG] Could not resolve solid-js from /Users/yashvardhansingh/test/opencode/packages/ui/src/v2/components/text-shimmer-v2.tsx
[21:38:11.151] [DEBUG] ChangeDetectionResolverFactory: 'solid-js' from '/Users/yashvardhansingh/test/opencode/packages/ui/src/v2/components/line-comment-v2.tsx' unresolved ("." is not exported under the conditions ["solid", "development", "storybook", "stories", "test", "module", "browser", "development|production"] from package /Users/yashvardhansingh/test/opencode/packages/ui/node_modules/solid-js (see exports field in /Users/yashvardhansingh/test/opencode/packages/ui/node_modules/solid-js/package.json))
[21:38:11.151] [DEBUG] Could not resolve solid-js from /Users/yashvardhansingh/test/opencode/packages/ui/src/v2/components/line-comment-v2.tsx
[21:38:11.151] [DEBUG] ChangeDetectionResolverFactory: 'solid-js/web' from '/Users/yashvardhansingh/test/opencode/packages/ui/src/v2/components/text-shimmer-v2.tsx' unresolved ("./web" is not exported under the conditions ["solid", "development", "storybook", "stories", "test", "module", "browser", "development|production"] from package /Users/yashvardhansingh/test/opencode/packages/ui/node_modules/solid-js (see exports field in /Users/yashvardhansingh/test/opencode/packages/ui/node_modules/solid-js/package.json))
[21:38:11.151] [DEBUG] Could not resolve solid-js/web from /Users/yashvardhansingh/test/opencode/packages/ui/src/v2/components/text-shimmer-v2.tsx
[21:38:11.151] [DEBUG] ChangeDetectionResolverFactory: 'solid-js' from '/Users/yashvardhansingh/test/opencode/packages/ui/src/v2/components/tabs-v2.tsx' unresolved ("." is not exported under the conditions ["solid", "development", "storybook", "stories", "test", "module", "browser", "development|production"] from package /Users/yashvardhansingh/test/opencode/packages/ui/node_modules/solid-js (see exports field in /Users/yashvardhansingh/test/opencode/packages/ui/node_modules/solid-js/package.json))
[21:38:11.151] [DEBUG] Could not resolve solid-js from /Users/yashvardhansingh/test/opencode/packages/ui/src/v2/components/tabs-v2.tsx
[21:38:11.152] [DEBUG] ChangeDetectionResolverFactory: 'solid-js' from '/Users/yashvardhansingh/test/opencode/packages/ui/src/v2/components/toast-v2.tsx' unresolved ("." is not exported under the conditions ["solid", "development", "storybook", "stories", "test", "module", "browser", "development|production"] from package /Users/yashvardhansingh/test/opencode/packages/ui/node_modules/solid-js (see exports field in /Users/yashvardhansingh/test/opencode/packages/ui/node_modules/solid-js/package.json))
[21:38:11.152] [DEBUG] Could not resolve solid-js from /Users/yashvardhansingh/test/opencode/packages/ui/src/v2/components/toast-v2.tsx
[21:38:11.152] [DEBUG] ChangeDetectionResolverFactory: 'solid-js' from '/Users/yashvardhansingh/test/opencode/packages/ui/src/v2/components/menu-v2.tsx' unresolved ("." is not exported under the conditions ["solid", "development", "storybook", "stories", "test", "module", "browser", "development|production"] from package /Users/yashvardhansingh/test/opencode/packages/ui/node_modules/solid-js (see exports field in /Users/yashvardhansingh/test/opencode/packages/ui/node_modules/solid-js/package.json))
[21:38:11.152] [DEBUG] Could not resolve solid-js from /Users/yashvardhansingh/test/opencode/packages/ui/src/v2/components/menu-v2.tsx
[21:38:11.152] [DEBUG] ChangeDetectionResolverFactory: 'solid-js/web' from '/Users/yashvardhansingh/test/opencode/packages/ui/src/v2/components/toast-v2.tsx' unresolved ("./web" is not exported under the conditions ["solid", "development", "storybook", "stories", "test", "module", "browser", "development|production"] from package /Users/yashvardhansingh/test/opencode/packages/ui/node_modules/solid-js (see exports field in /Users/yashvardhansingh/test/opencode/packages/ui/node_modules/solid-js/package.json))
[21:38:11.152] [DEBUG] Could not resolve solid-js/web from /Users/yashvardhansingh/test/opencode/packages/ui/src/v2/components/toast-v2.tsx
[21:38:11.152] [DEBUG] ChangeDetectionResolverFactory: 'solid-js' from '/Users/yashvardhansingh/test/opencode/packages/session-ui/src/components/basic-tool.stories.tsx' unresolved ("." is not exported under the conditions ["solid", "development", "storybook", "stories", "test", "module", "browser", "development|production"] from package /Users/yashvardhansingh/test/opencode/packages/session-ui/node_modules/solid-js (see exports field in /Users/yashvardhansingh/test/opencode/packages/session-ui/node_modules/solid-js/package.json))
[21:38:11.152] [DEBUG] Could not resolve solid-js from /Users/yashvardhansingh/test/opencode/packages/session-ui/src/components/basic-tool.stories.tsx
[21:38:11.152] [DEBUG] ChangeDetectionResolverFactory: 'solid-js' from '/Users/yashvardhansingh/test/opencode/packages/session-ui/src/components/line-comment.stories.tsx' unresolved ("." is not exported under the conditions ["solid", "development", "storybook", "stories", "test", "module", "browser", "development|production"] from package /Users/yashvardhansingh/test/opencode/packages/session-ui/node_modules/solid-js (see exports field in /Users/yashvardhansingh/test/opencode/packages/session-ui/node_modules/solid-js/package.json))
[21:38:11.152] [DEBUG] Could not resolve solid-js from /Users/yashvardhansingh/test/opencode/packages/session-ui/src/components/line-comment.stories.tsx
[21:38:11.153] [DEBUG] ChangeDetectionResolverFactory: 'solid-js' from '/Users/yashvardhansingh/test/opencode/packages/ui/src/v2/components/textarea-v2.tsx' unresolved ("." is not exported under the conditions ["solid", "development", "storybook", "stories", "test", "module", "browser", "development|production"] from package /Users/yashvardhansingh/test/opencode/packages/ui/node_modules/solid-js (see exports field in /Users/yashvardhansingh/test/opencode/packages/ui/node_modules/solid-js/package.json))
[21:38:11.153] [DEBUG] Could not resolve solid-js from /Users/yashvardhansingh/test/opencode/packages/ui/src/v2/components/textarea-v2.tsx
[21:38:11.153] [DEBUG] ChangeDetectionResolverFactory: 'solid-js' from '/Users/yashvardhansingh/test/opencode/packages/session-ui/src/components/shell-submessage-motion.stories.tsx' unresolved ("." is not exported under the conditions ["solid", "development", "storybook", "stories", "test", "module", "browser", "development|production"] from package /Users/yashvardhansingh/test/opencode/packages/session-ui/node_modules/solid-js (see exports field in /Users/yashvardhansingh/test/opencode/packages/session-ui/node_modules/solid-js/package.json))
[21:38:11.153] [DEBUG] Could not resolve solid-js from /Users/yashvardhansingh/test/opencode/packages/session-ui/src/components/shell-submessage-motion.stories.tsx
[21:38:11.153] [DEBUG] ChangeDetectionResolverFactory: 'solid-js' from '/Users/yashvardhansingh/test/opencode/packages/ui/src/v2/components/tooltip-v2.tsx' unresolved ("." is not exported under the conditions ["solid", "development", "storybook", "stories", "test", "module", "browser", "development|production"] from package /Users/yashvardhansingh/test/opencode/packages/ui/node_modules/solid-js (see exports field in /Users/yashvardhansingh/test/opencode/packages/ui/node_modules/solid-js/package.json))
[21:38:11.153] [DEBUG] Could not resolve solid-js from /Users/yashvardhansingh/test/opencode/packages/ui/src/v2/components/tooltip-v2.tsx
[21:38:11.153] [DEBUG] ChangeDetectionResolverFactory: 'solid-js/store' from '/Users/yashvardhansingh/test/opencode/packages/session-ui/src/components/shell-submessage-motion.stories.tsx' unresolved ("./store" is not exported under the conditions ["solid", "development", "storybook", "stories", "test", "module", "browser", "development|production"] from package /Users/yashvardhansingh/test/opencode/packages/session-ui/node_modules/solid-js (see exports field in /Users/yashvardhansingh/test/opencode/packages/session-ui/node_modules/solid-js/package.json))
[21:38:11.153] [DEBUG] Could not resolve solid-js/store from /Users/yashvardhansingh/test/opencode/packages/session-ui/src/components/shell-submessage-motion.stories.tsx
[21:38:11.153] [DEBUG] ChangeDetectionResolverFactory: 'solid-js/store' from '/Users/yashvardhansingh/test/opencode/packages/ui/src/v2/components/tooltip-v2.tsx' unresolved ("./store" is not exported under the conditions ["solid", "development", "storybook", "stories", "test", "module", "browser", "development|production"] from package /Users/yashvardhansingh/test/opencode/packages/ui/node_modules/solid-js (see exports field in /Users/yashvardhansingh/test/opencode/packages/ui/node_modules/solid-js/package.json))
[21:38:11.153] [DEBUG] Could not resolve solid-js/store from /Users/yashvardhansingh/test/opencode/packages/ui/src/v2/components/tooltip-v2.tsx
[21:38:11.153] [DEBUG] ChangeDetectionResolverFactory: 'solid-js' from '/Users/yashvardhansingh/test/opencode/packages/ui/src/v2/components/text-input-v2.tsx' unresolved ("." is not exported under the conditions ["solid", "development", "storybook", "stories", "test", "module", "browser", "development|production"] from package /Users/yashvardhansingh/test/opencode/packages/ui/node_modules/solid-js (see exports field in /Users/yashvardhansingh/test/opencode/packages/ui/node_modules/solid-js/package.json))
[21:38:11.153] [DEBUG] Could not resolve solid-js from /Users/yashvardhansingh/test/opencode/packages/ui/src/v2/components/text-input-v2.tsx
[21:38:11.153] [DEBUG] ChangeDetectionResolverFactory: 'solid-js' from '/Users/yashvardhansingh/test/opencode/packages/ui/src/v2/components/inline-input-v2.tsx' unresolved ("." is not exported under the conditions ["solid", "development", "storybook", "stories", "test", "module", "browser", "development|production"] from package /Users/yashvardhansingh/test/opencode/packages/ui/node_modules/solid-js (see exports field in /Users/yashvardhansingh/test/opencode/packages/ui/node_modules/solid-js/package.json))
[21:38:11.153] [DEBUG] Could not resolve solid-js from /Users/yashvardhansingh/test/opencode/packages/ui/src/v2/components/inline-input-v2.tsx
[21:38:11.153] [DEBUG] ChangeDetectionResolverFactory: 'solid-js' from '/Users/yashvardhansingh/test/opencode/packages/ui/src/v2/components/select-v2.tsx' unresolved ("." is not exported under the conditions ["solid", "development", "storybook", "stories", "test", "module", "browser", "development|production"] from package /Users/yashvardhansingh/test/opencode/packages/ui/node_modules/solid-js (see exports field in /Users/yashvardhansingh/test/opencode/packages/ui/node_modules/solid-js/package.json))
[21:38:11.153] [DEBUG] Could not resolve solid-js from /Users/yashvardhansingh/test/opencode/packages/ui/src/v2/components/select-v2.tsx
[21:38:11.154] [DEBUG] ChangeDetectionResolverFactory: 'solid-js' from '/Users/yashvardhansingh/test/opencode/packages/session-ui/src/components/tool-count-summary.stories.tsx' unresolved ("." is not exported under the conditions ["solid", "development", "storybook", "stories", "test", "module", "browser", "development|production"] from package /Users/yashvardhansingh/test/opencode/packages/session-ui/node_modules/solid-js (see exports field in /Users/yashvardhansingh/test/opencode/packages/session-ui/node_modules/solid-js/package.json))
[21:38:11.154] [DEBUG] Could not resolve solid-js from /Users/yashvardhansingh/test/opencode/packages/session-ui/src/components/tool-count-summary.stories.tsx
[21:38:11.154] [DEBUG] ChangeDetectionResolverFactory: 'solid-js/store' from '/Users/yashvardhansingh/test/opencode/packages/session-ui/src/components/tool-count-summary.stories.tsx' unresolved ("./store" is not exported under the conditions ["solid", "development", "storybook", "stories", "test", "module", "browser", "development|production"] from package /Users/yashvardhansingh/test/opencode/packages/session-ui/node_modules/solid-js (see exports field in /Users/yashvardhansingh/test/opencode/packages/session-ui/node_modules/solid-js/package.json))
[21:38:11.154] [DEBUG] Could not resolve solid-js/store from /Users/yashvardhansingh/test/opencode/packages/session-ui/src/components/tool-count-summary.stories.tsx
[21:38:11.154] [DEBUG] ChangeDetectionResolverFactory: 'solid-js' from '/Users/yashvardhansingh/test/opencode/packages/session-ui/src/v2/components/basic-tool-v2.stories.tsx' unresolved ("." is not exported under the conditions ["solid", "development", "storybook", "stories", "test", "module", "browser", "development|production"] from package /Users/yashvardhansingh/test/opencode/packages/session-ui/node_modules/solid-js (see exports field in /Users/yashvardhansingh/test/opencode/packages/session-ui/node_modules/solid-js/package.json))
[21:38:11.154] [DEBUG] Could not resolve solid-js from /Users/yashvardhansingh/test/opencode/packages/session-ui/src/v2/components/basic-tool-v2.stories.tsx
[21:38:11.154] [DEBUG] ChangeDetectionResolverFactory: 'solid-js/store' from '/Users/yashvardhansingh/test/opencode/packages/session-ui/src/v2/components/prompt-input/prompt-input.stories.tsx' unresolved ("./store" is not exported under the conditions ["solid", "development", "storybook", "stories", "test", "module", "browser", "development|production"] from package /Users/yashvardhansingh/test/opencode/packages/session-ui/node_modules/solid-js (see exports field in /Users/yashvardhansingh/test/opencode/packages/session-ui/node_modules/solid-js/package.json))
[21:38:11.154] [DEBUG] Could not resolve solid-js/store from /Users/yashvardhansingh/test/opencode/packages/session-ui/src/v2/components/prompt-input/prompt-input.stories.tsx
[21:38:11.156] [DEBUG] ChangeDetectionResolverFactory: 'solid-js' from '/Users/yashvardhansingh/test/opencode/packages/session-ui/src/v2/components/tool-error-card-v2.stories.tsx' unresolved ("." is not exported under the conditions ["solid", "development", "storybook", "stories", "test", "module", "browser", "development|production"] from package /Users/yashvardhansingh/test/opencode/packages/session-ui/node_modules/solid-js (see exports field in /Users/yashvardhansingh/test/opencode/packages/session-ui/node_modules/solid-js/package.json))
[21:38:11.156] [DEBUG] Could not resolve solid-js from /Users/yashvardhansingh/test/opencode/packages/session-ui/src/v2/components/tool-error-card-v2.stories.tsx
[21:38:11.158] [DEBUG] ChangeDetectionResolverFactory: 'solid-js' from '/Users/yashvardhansingh/test/opencode/packages/session-ui/src/components/transcript-lab.stories.tsx' unresolved ("." is not exported under the conditions ["solid", "development", "storybook", "stories", "test", "module", "browser", "development|production"] from package /Users/yashvardhansingh/test/opencode/packages/session-ui/node_modules/solid-js (see exports field in /Users/yashvardhansingh/test/opencode/packages/session-ui/node_modules/solid-js/package.json))
[21:38:11.158] [DEBUG] Could not resolve solid-js from /Users/yashvardhansingh/test/opencode/packages/session-ui/src/components/transcript-lab.stories.tsx
[21:38:11.160] [DEBUG] ChangeDetectionResolverFactory: 'solid-js' from '/Users/yashvardhansingh/test/opencode/packages/session-ui/src/components/message-nav.tsx' unresolved ("." is not exported under the conditions ["solid", "development", "storybook", "stories", "test", "module", "browser", "development|production"] from package /Users/yashvardhansingh/test/opencode/packages/session-ui/node_modules/solid-js (see exports field in /Users/yashvardhansingh/test/opencode/packages/session-ui/node_modules/solid-js/package.json))
[21:38:11.160] [DEBUG] Could not resolve solid-js from /Users/yashvardhansingh/test/opencode/packages/session-ui/src/components/message-nav.tsx
[21:38:11.160] [DEBUG] ChangeDetectionResolverFactory: 'solid-js' from '/Users/yashvardhansingh/test/opencode/packages/session-ui/src/components/timeline-playground.stories.tsx' unresolved ("." is not exported under the conditions ["solid", "development", "storybook", "stories", "test", "module", "browser", "development|production"] from package /Users/yashvardhansingh/test/opencode/packages/session-ui/node_modules/solid-js (see exports field in /Users/yashvardhansingh/test/opencode/packages/session-ui/node_modules/solid-js/package.json))
[21:38:11.160] [DEBUG] Could not resolve solid-js from /Users/yashvardhansingh/test/opencode/packages/session-ui/src/components/timeline-playground.stories.tsx
[21:38:11.162] [DEBUG] ChangeDetectionResolverFactory: 'solid-js/store' from '/Users/yashvardhansingh/test/opencode/packages/session-ui/src/components/transcript-lab.stories.tsx' unresolved ("./store" is not exported under the conditions ["solid", "development", "storybook", "stories", "test", "module", "browser", "development|production"] from package /Users/yashvardhansingh/test/opencode/packages/session-ui/node_modules/solid-js (see exports field in /Users/yashvardhansingh/test/opencode/packages/session-ui/node_modules/solid-js/package.json))
[21:38:11.162] [DEBUG] Could not resolve solid-js/store from /Users/yashvardhansingh/test/opencode/packages/session-ui/src/components/transcript-lab.stories.tsx
[21:38:11.163] [DEBUG] ChangeDetectionResolverFactory: 'solid-js/store' from '/Users/yashvardhansingh/test/opencode/packages/session-ui/src/components/timeline-playground.stories.tsx' unresolved ("./store" is not exported under the conditions ["solid", "development", "storybook", "stories", "test", "module", "browser", "development|production"] from package /Users/yashvardhansingh/test/opencode/packages/session-ui/node_modules/solid-js (see exports field in /Users/yashvardhansingh/test/opencode/packages/session-ui/node_modules/solid-js/package.json))
[21:38:11.163] [DEBUG] Could not resolve solid-js/store from /Users/yashvardhansingh/test/opencode/packages/session-ui/src/components/timeline-playground.stories.tsx
[21:38:11.163] [DEBUG] ChangeDetectionResolverFactory: 'solid-js' from '/Users/yashvardhansingh/test/opencode/packages/session-ui/src/components/basic-tool.tsx' unresolved ("." is not exported under the conditions ["solid", "development", "storybook", "stories", "test", "module", "browser", "development|production"] from package /Users/yashvardhansingh/test/opencode/packages/session-ui/node_modules/solid-js (see exports field in /Users/yashvardhansingh/test/opencode/packages/session-ui/node_modules/solid-js/package.json))
[21:38:11.163] [DEBUG] Could not resolve solid-js from /Users/yashvardhansingh/test/opencode/packages/session-ui/src/components/basic-tool.tsx
[21:38:11.164] [DEBUG] ChangeDetectionResolverFactory: 'solid-js' from '/Users/yashvardhansingh/test/opencode/packages/session-ui/src/components/tool-error-card.tsx' unresolved ("." is not exported under the conditions ["solid", "development", "storybook", "stories", "test", "module", "browser", "development|production"] from package /Users/yashvardhansingh/test/opencode/packages/session-ui/node_modules/solid-js (see exports field in /Users/yashvardhansingh/test/opencode/packages/session-ui/node_modules/solid-js/package.json))
[21:38:11.164] [DEBUG] Could not resolve solid-js from /Users/yashvardhansingh/test/opencode/packages/session-ui/src/components/tool-error-card.tsx
[21:38:11.164] [DEBUG] ChangeDetectionResolverFactory: 'solid-js/store' from '/Users/yashvardhansingh/test/opencode/packages/session-ui/src/components/basic-tool.tsx' unresolved ("./store" is not exported under the conditions ["solid", "development", "storybook", "stories", "test", "module", "browser", "development|production"] from package /Users/yashvardhansingh/test/opencode/packages/session-ui/node_modules/solid-js (see exports field in /Users/yashvardhansingh/test/opencode/packages/session-ui/node_modules/solid-js/package.json))
[21:38:11.164] [DEBUG] Could not resolve solid-js/store from /Users/yashvardhansingh/test/opencode/packages/session-ui/src/components/basic-tool.tsx
[21:38:11.167] [DEBUG] ChangeDetectionResolverFactory: 'solid-js' from '/Users/yashvardhansingh/test/opencode/packages/session-ui/src/components/line-comment.tsx' unresolved ("." is not exported under the conditions ["solid", "development", "storybook", "stories", "test", "module", "browser", "development|production"] from package /Users/yashvardhansingh/test/opencode/packages/session-ui/node_modules/solid-js (see exports field in /Users/yashvardhansingh/test/opencode/packages/session-ui/node_modules/solid-js/package.json))
[21:38:11.167] [DEBUG] Could not resolve solid-js from /Users/yashvardhansingh/test/opencode/packages/session-ui/src/components/line-comment.tsx
[21:38:11.167] [DEBUG] ChangeDetectionResolverFactory: 'solid-js/store' from '/Users/yashvardhansingh/test/opencode/packages/session-ui/src/components/tool-error-card.tsx' unresolved ("./store" is not exported under the conditions ["solid", "development", "storybook", "stories", "test", "module", "browser", "development|production"] from package /Users/yashvardhansingh/test/opencode/packages/session-ui/node_modules/solid-js (see exports field in /Users/yashvardhansingh/test/opencode/packages/session-ui/node_modules/solid-js/package.json))
[21:38:11.167] [DEBUG] Could not resolve solid-js/store from /Users/yashvardhansingh/test/opencode/packages/session-ui/src/components/tool-error-card.tsx
[21:38:11.167] [DEBUG] ChangeDetectionResolverFactory: 'solid-js' from '/Users/yashvardhansingh/test/opencode/packages/session-ui/src/v2/components/basic-tool-v2.tsx' unresolved ("." is not exported under the conditions ["solid", "development", "storybook", "stories", "test", "module", "browser", "development|production"] from package /Users/yashvardhansingh/test/opencode/packages/session-ui/node_modules/solid-js (see exports field in /Users/yashvardhansingh/test/opencode/packages/session-ui/node_modules/solid-js/package.json))
[21:38:11.167] [DEBUG] Could not resolve solid-js from /Users/yashvardhansingh/test/opencode/packages/session-ui/src/v2/components/basic-tool-v2.tsx
[21:38:11.167] [DEBUG] ChangeDetectionResolverFactory: 'solid-js' from '/Users/yashvardhansingh/test/opencode/packages/session-ui/src/v2/components/session-progress-indicator-v2.tsx' unresolved ("." is not exported under the conditions ["solid", "development", "storybook", "stories", "test", "module", "browser", "development|production"] from package /Users/yashvardhansingh/test/opencode/packages/session-ui/node_modules/solid-js (see exports field in /Users/yashvardhansingh/test/opencode/packages/session-ui/node_modules/solid-js/package.json))
[21:38:11.167] [DEBUG] Could not resolve solid-js from /Users/yashvardhansingh/test/opencode/packages/session-ui/src/v2/components/session-progress-indicator-v2.tsx
[21:38:11.167] [DEBUG] ChangeDetectionResolverFactory: 'solid-js' from '/Users/yashvardhansingh/test/opencode/packages/ui/src/components/dock-surface.tsx' unresolved ("." is not exported under the conditions ["solid", "development", "storybook", "stories", "test", "module", "browser", "development|production"] from package /Users/yashvardhansingh/test/opencode/packages/ui/node_modules/solid-js (see exports field in /Users/yashvardhansingh/test/opencode/packages/ui/node_modules/solid-js/package.json))
[21:38:11.167] [DEBUG] Could not resolve solid-js from /Users/yashvardhansingh/test/opencode/packages/ui/src/components/dock-surface.tsx
[21:38:11.167] [DEBUG] ChangeDetectionResolverFactory: 'solid-js' from '/Users/yashvardhansingh/test/opencode/packages/session-ui/src/components/markdown.tsx' unresolved ("." is not exported under the conditions ["solid", "development", "storybook", "stories", "test", "module", "browser", "development|production"] from package /Users/yashvardhansingh/test/opencode/packages/session-ui/node_modules/solid-js (see exports field in /Users/yashvardhansingh/test/opencode/packages/session-ui/node_modules/solid-js/package.json))
[21:38:11.167] [DEBUG] Could not resolve solid-js from /Users/yashvardhansingh/test/opencode/packages/session-ui/src/components/markdown.tsx
[21:38:11.167] [DEBUG] ChangeDetectionResolverFactory: 'solid-js' from '/Users/yashvardhansingh/test/opencode/packages/session-ui/src/components/tool-count-summary.tsx' unresolved ("." is not exported under the conditions ["solid", "development", "storybook", "stories", "test", "module", "browser", "development|production"] from package /Users/yashvardhansingh/test/opencode/packages/session-ui/node_modules/solid-js (see exports field in /Users/yashvardhansingh/test/opencode/packages/session-ui/node_modules/solid-js/package.json))
[21:38:11.167] [DEBUG] Could not resolve solid-js from /Users/yashvardhansingh/test/opencode/packages/session-ui/src/components/tool-count-summary.tsx
[21:38:11.167] [DEBUG] ChangeDetectionResolverFactory: 'solid-js' from '/Users/yashvardhansingh/test/opencode/packages/session-ui/src/v2/components/tool-error-card-v2.tsx' unresolved ("." is not exported under the conditions ["solid", "development", "storybook", "stories", "test", "module", "browser", "development|production"] from package /Users/yashvardhansingh/test/opencode/packages/session-ui/node_modules/solid-js (see exports field in /Users/yashvardhansingh/test/opencode/packages/session-ui/node_modules/solid-js/package.json))
[21:38:11.167] [DEBUG] Could not resolve solid-js from /Users/yashvardhansingh/test/opencode/packages/session-ui/src/v2/components/tool-error-card-v2.tsx
[21:38:11.167] [DEBUG] ChangeDetectionResolverFactory: 'solid-js/web' from '/Users/yashvardhansingh/test/opencode/packages/session-ui/src/components/markdown.tsx' unresolved ("./web" is not exported under the conditions ["solid", "development", "storybook", "stories", "test", "module", "browser", "development|production"] from package /Users/yashvardhansingh/test/opencode/packages/session-ui/node_modules/solid-js (see exports field in /Users/yashvardhansingh/test/opencode/packages/session-ui/node_modules/solid-js/package.json))
[21:38:11.167] [DEBUG] Could not resolve solid-js/web from /Users/yashvardhansingh/test/opencode/packages/session-ui/src/components/markdown.tsx
[21:38:11.168] [DEBUG] ChangeDetectionResolverFactory: 'solid-js' from '/Users/yashvardhansingh/test/opencode/packages/session-ui/src/components/session-turn.tsx' unresolved ("." is not exported under the conditions ["solid", "development", "storybook", "stories", "test", "module", "browser", "development|production"] from package /Users/yashvardhansingh/test/opencode/packages/session-ui/node_modules/solid-js (see exports field in /Users/yashvardhansingh/test/opencode/packages/session-ui/node_modules/solid-js/package.json))
[21:38:11.168] [DEBUG] Could not resolve solid-js from /Users/yashvardhansingh/test/opencode/packages/session-ui/src/components/session-turn.tsx
[21:38:11.168] [DEBUG] ChangeDetectionResolverFactory: 'solid-js/store' from '/Users/yashvardhansingh/test/opencode/packages/session-ui/src/components/session-turn.tsx' unresolved ("./store" is not exported under the conditions ["solid", "development", "storybook", "stories", "test", "module", "browser", "development|production"] from package /Users/yashvardhansingh/test/opencode/packages/session-ui/node_modules/solid-js (see exports field in /Users/yashvardhansingh/test/opencode/packages/session-ui/node_modules/solid-js/package.json))
[21:38:11.168] [DEBUG] Could not resolve solid-js/store from /Users/yashvardhansingh/test/opencode/packages/session-ui/src/components/session-turn.tsx
[21:38:11.168] [DEBUG] ChangeDetectionResolverFactory: 'solid-js/web' from '/Users/yashvardhansingh/test/opencode/packages/session-ui/src/components/session-turn.tsx' unresolved ("./web" is not exported under the conditions ["solid", "development", "storybook", "stories", "test", "module", "browser", "development|production"] from package /Users/yashvardhansingh/test/opencode/packages/session-ui/node_modules/solid-js (see exports field in /Users/yashvardhansingh/test/opencode/packages/session-ui/node_modules/solid-js/package.json))
[21:38:11.168] [DEBUG] Could not resolve solid-js/web from /Users/yashvardhansingh/test/opencode/packages/session-ui/src/components/session-turn.tsx
[21:38:11.168] [DEBUG] ChangeDetectionResolverFactory: 'solid-js' from '/Users/yashvardhansingh/test/opencode/packages/session-ui/src/v2/components/prompt-input/index.tsx' unresolved ("." is not exported under the conditions ["solid", "development", "storybook", "stories", "test", "module", "browser", "development|production"] from package /Users/yashvardhansingh/test/opencode/packages/session-ui/node_modules/solid-js (see exports field in /Users/yashvardhansingh/test/opencode/packages/session-ui/node_modules/solid-js/package.json))
[21:38:11.168] [DEBUG] Could not resolve solid-js from /Users/yashvardhansingh/test/opencode/packages/session-ui/src/v2/components/prompt-input/index.tsx
[21:38:11.169] [DEBUG] ChangeDetectionResolverFactory: 'solid-js' from '/Users/yashvardhansingh/test/opencode/packages/session-ui/src/components/tool-status-title.tsx' unresolved ("." is not exported under the conditions ["solid", "development", "storybook", "stories", "test", "module", "browser", "development|production"] from package /Users/yashvardhansingh/test/opencode/packages/session-ui/node_modules/solid-js (see exports field in /Users/yashvardhansingh/test/opencode/packages/session-ui/node_modules/solid-js/package.json))
[21:38:11.169] [DEBUG] Could not resolve solid-js from /Users/yashvardhansingh/test/opencode/packages/session-ui/src/components/tool-status-title.tsx
[21:38:11.174] [DEBUG] ChangeDetectionResolverFactory: 'solid-js' from '/Users/yashvardhansingh/test/opencode/packages/session-ui/src/components/message-part.tsx' unresolved ("." is not exported under the conditions ["solid", "development", "storybook", "stories", "test", "module", "browser", "development|production"] from package /Users/yashvardhansingh/test/opencode/packages/session-ui/node_modules/solid-js (see exports field in /Users/yashvardhansingh/test/opencode/packages/session-ui/node_modules/solid-js/package.json))
[21:38:11.174] [DEBUG] Could not resolve solid-js from /Users/yashvardhansingh/test/opencode/packages/session-ui/src/components/message-part.tsx
[21:38:11.174] [DEBUG] ChangeDetectionResolverFactory: 'solid-js/store' from '/Users/yashvardhansingh/test/opencode/packages/session-ui/src/components/tool-status-title.tsx' unresolved ("./store" is not exported under the conditions ["solid", "development", "storybook", "stories", "test", "module", "browser", "development|production"] from package /Users/yashvardhansingh/test/opencode/packages/session-ui/node_modules/solid-js (see exports field in /Users/yashvardhansingh/test/opencode/packages/session-ui/node_modules/solid-js/package.json))
[21:38:11.174] [DEBUG] Could not resolve solid-js/store from /Users/yashvardhansingh/test/opencode/packages/session-ui/src/components/tool-status-title.tsx
[21:38:11.174] [DEBUG] ChangeDetectionResolverFactory: 'solid-js/store' from '/Users/yashvardhansingh/test/opencode/packages/session-ui/src/components/message-part.tsx' unresolved ("./store" is not exported under the conditions ["solid", "development", "storybook", "stories", "test", "module", "browser", "development|production"] from package /Users/yashvardhansingh/test/opencode/packages/session-ui/node_modules/solid-js (see exports field in /Users/yashvardhansingh/test/opencode/packages/session-ui/node_modules/solid-js/package.json))
[21:38:11.174] [DEBUG] Could not resolve solid-js/store from /Users/yashvardhansingh/test/opencode/packages/session-ui/src/components/message-part.tsx
[21:38:11.175] [DEBUG] ChangeDetectionResolverFactory: 'solid-js/web' from '/Users/yashvardhansingh/test/opencode/packages/session-ui/src/components/message-part.tsx' unresolved ("./web" is not exported under the conditions ["solid", "development", "storybook", "stories", "test", "module", "browser", "development|production"] from package /Users/yashvardhansingh/test/opencode/packages/session-ui/node_modules/solid-js (see exports field in /Users/yashvardhansingh/test/opencode/packages/session-ui/node_modules/solid-js/package.json))
[21:38:11.175] [DEBUG] Could not resolve solid-js/web from /Users/yashvardhansingh/test/opencode/packages/session-ui/src/components/message-part.tsx
[21:38:11.175] [DEBUG] ChangeDetectionResolverFactory: 'solid-js' from '/Users/yashvardhansingh/test/opencode/packages/session-ui/src/components/tool-count-label.tsx' unresolved ("." is not exported under the conditions ["solid", "development", "storybook", "stories", "test", "module", "browser", "development|production"] from package /Users/yashvardhansingh/test/opencode/packages/session-ui/node_modules/solid-js (see exports field in /Users/yashvardhansingh/test/opencode/packages/session-ui/node_modules/solid-js/package.json))
[21:38:11.175] [DEBUG] Could not resolve solid-js from /Users/yashvardhansingh/test/opencode/packages/session-ui/src/components/tool-count-label.tsx
[21:38:11.176] [DEBUG] ChangeDetectionResolverFactory: 'solid-js' from '/Users/yashvardhansingh/test/opencode/packages/ui/src/components/animated-number.tsx' unresolved ("." is not exported under the conditions ["solid", "development", "storybook", "stories", "test", "module", "browser", "development|production"] from package /Users/yashvardhansingh/test/opencode/packages/ui/node_modules/solid-js (see exports field in /Users/yashvardhansingh/test/opencode/packages/ui/node_modules/solid-js/package.json))
[21:38:11.176] [DEBUG] Could not resolve solid-js from /Users/yashvardhansingh/test/opencode/packages/ui/src/components/animated-number.tsx
[21:38:11.176] [DEBUG] ChangeDetectionResolverFactory: 'solid-js/store' from '/Users/yashvardhansingh/test/opencode/packages/ui/src/components/animated-number.tsx' unresolved ("./store" is not exported under the conditions ["solid", "development", "storybook", "stories", "test", "module", "browser", "development|production"] from package /Users/yashvardhansingh/test/opencode/packages/ui/node_modules/solid-js (see exports field in /Users/yashvardhansingh/test/opencode/packages/ui/node_modules/solid-js/package.json))
[21:38:11.176] [DEBUG] Could not resolve solid-js/store from /Users/yashvardhansingh/test/opencode/packages/ui/src/components/animated-number.tsx
[21:38:11.177] [DEBUG] ChangeDetectionResolverFactory: 'solid-js' from '/Users/yashvardhansingh/test/opencode/packages/session-ui/src/v2/components/prompt-input/interaction.ts' unresolved ("." is not exported under the conditions ["solid", "development", "storybook", "stories", "test", "module", "browser", "development|production"] from package /Users/yashvardhansingh/test/opencode/packages/session-ui/node_modules/solid-js (see exports field in /Users/yashvardhansingh/test/opencode/packages/session-ui/node_modules/solid-js/package.json))
[21:38:11.177] [DEBUG] Could not resolve solid-js from /Users/yashvardhansingh/test/opencode/packages/session-ui/src/v2/components/prompt-input/interaction.ts
[21:38:11.177] [DEBUG] ChangeDetectionResolverFactory: 'solid-js/store' from '/Users/yashvardhansingh/test/opencode/packages/session-ui/src/v2/components/prompt-input/interaction.ts' unresolved ("./store" is not exported under the conditions ["solid", "development", "storybook", "stories", "test", "module", "browser", "development|production"] from package /Users/yashvardhansingh/test/opencode/packages/session-ui/node_modules/solid-js (see exports field in /Users/yashvardhansingh/test/opencode/packages/session-ui/node_modules/solid-js/package.json))
[21:38:11.177] [DEBUG] Could not resolve solid-js/store from /Users/yashvardhansingh/test/opencode/packages/session-ui/src/v2/components/prompt-input/interaction.ts
[21:38:11.177] [DEBUG] ChangeDetectionResolverFactory: 'solid-js' from '/Users/yashvardhansingh/test/opencode/packages/ui/src/context/helper.tsx' unresolved ("." is not exported under the conditions ["solid", "development", "storybook", "stories", "test", "module", "browser", "development|production"] from package /Users/yashvardhansingh/test/opencode/packages/ui/node_modules/solid-js (see exports field in /Users/yashvardhansingh/test/opencode/packages/ui/node_modules/solid-js/package.json))
[21:38:11.177] [DEBUG] Could not resolve solid-js from /Users/yashvardhansingh/test/opencode/packages/ui/src/context/helper.tsx
[21:38:11.178] [DEBUG] ChangeDetectionResolverFactory: 'solid-js' from '/Users/yashvardhansingh/test/opencode/packages/session-ui/src/v2/components/prompt-input/store.ts' unresolved ("." is not exported under the conditions ["solid", "development", "storybook", "stories", "test", "module", "browser", "development|production"] from package /Users/yashvardhansingh/test/opencode/packages/session-ui/node_modules/solid-js (see exports field in /Users/yashvardhansingh/test/opencode/packages/session-ui/node_modules/solid-js/package.json))
[21:38:11.178] [DEBUG] Could not resolve solid-js from /Users/yashvardhansingh/test/opencode/packages/session-ui/src/v2/components/prompt-input/store.ts
[21:38:11.179] [DEBUG] ChangeDetectionResolverFactory: 'solid-js' from '/Users/yashvardhansingh/test/opencode/packages/session-ui/src/v2/components/comment-card-v2.tsx' unresolved ("." is not exported under the conditions ["solid", "development", "storybook", "stories", "test", "module", "browser", "development|production"] from package /Users/yashvardhansingh/test/opencode/packages/session-ui/node_modules/solid-js (see exports field in /Users/yashvardhansingh/test/opencode/packages/session-ui/node_modules/solid-js/package.json))
[21:38:11.179] [DEBUG] Could not resolve solid-js from /Users/yashvardhansingh/test/opencode/packages/session-ui/src/v2/components/comment-card-v2.tsx
[21:38:11.179] [DEBUG] ChangeDetectionResolverFactory: '@pierre/diffs' from '/Users/yashvardhansingh/test/opencode/packages/ui/src/context/marked.tsx' unresolved ("." is not exported under the conditions ["solid", "development", "storybook", "stories", "test", "module", "browser", "development|production"] from package /Users/yashvardhansingh/test/opencode/packages/ui/node_modules/@pierre/diffs (see exports field in /Users/yashvardhansingh/test/opencode/packages/ui/node_modules/@pierre/diffs/package.json))
[21:38:11.179] [DEBUG] Could not resolve @pierre/diffs from /Users/yashvardhansingh/test/opencode/packages/ui/src/context/marked.tsx
[21:38:11.179] [DEBUG] ChangeDetectionResolverFactory: 'solid-js' from '/Users/yashvardhansingh/test/opencode/packages/session-ui/src/components/session-retry.tsx' unresolved ("." is not exported under the conditions ["solid", "development", "storybook", "stories", "test", "module", "browser", "development|production"] from package /Users/yashvardhansingh/test/opencode/packages/session-ui/node_modules/solid-js (see exports field in /Users/yashvardhansingh/test/opencode/packages/session-ui/node_modules/solid-js/package.json))
[21:38:11.179] [DEBUG] Could not resolve solid-js from /Users/yashvardhansingh/test/opencode/packages/session-ui/src/components/session-retry.tsx
[21:38:11.181] [DEBUG] ChangeDetectionResolverFactory: '@pierre/diffs' from '/Users/yashvardhansingh/test/opencode/packages/session-ui/src/components/session-diff.ts' unresolved ("." is not exported under the conditions ["solid", "development", "storybook", "stories", "test", "module", "browser", "development|production"] from package /Users/yashvardhansingh/test/opencode/packages/session-ui/node_modules/@pierre/diffs (see exports field in /Users/yashvardhansingh/test/opencode/packages/session-ui/node_modules/@pierre/diffs/package.json))
[21:38:11.181] [DEBUG] Could not resolve @pierre/diffs from /Users/yashvardhansingh/test/opencode/packages/session-ui/src/components/session-diff.ts
[21:38:11.181] [DEBUG] ChangeDetectionResolverFactory: 'solid-js' from '/Users/yashvardhansingh/test/opencode/packages/session-ui/src/components/subagent-chip.tsx' unresolved ("." is not exported under the conditions ["solid", "development", "storybook", "stories", "test", "module", "browser", "development|production"] from package /Users/yashvardhansingh/test/opencode/packages/session-ui/node_modules/solid-js (see exports field in /Users/yashvardhansingh/test/opencode/packages/session-ui/node_modules/solid-js/package.json))
[21:38:11.181] [DEBUG] Could not resolve solid-js from /Users/yashvardhansingh/test/opencode/packages/session-ui/src/components/subagent-chip.tsx
[21:38:11.181] [DEBUG] ChangeDetectionResolverFactory: 'solid-js' from '/Users/yashvardhansingh/test/opencode/packages/session-ui/src/v2/components/prompt-input/attachments.ts' unresolved ("." is not exported under the conditions ["solid", "development", "storybook", "stories", "test", "module", "browser", "development|production"] from package /Users/yashvardhansingh/test/opencode/packages/session-ui/node_modules/solid-js (see exports field in /Users/yashvardhansingh/test/opencode/packages/session-ui/node_modules/solid-js/package.json))
[21:38:11.181] [DEBUG] Could not resolve solid-js from /Users/yashvardhansingh/test/opencode/packages/session-ui/src/v2/components/prompt-input/attachments.ts
[21:38:11.181] [DEBUG] ChangeDetectionResolverFactory: '@solid-primitives/event-listener' from '/Users/yashvardhansingh/test/opencode/packages/session-ui/src/v2/components/prompt-input/attachments.ts' unresolved ("." is not exported under the conditions ["solid", "development", "storybook", "stories", "test", "module", "browser", "development|production"] from package /Users/yashvardhansingh/test/opencode/packages/session-ui/node_modules/@solid-primitives/event-listener (see exports field in /Users/yashvardhansingh/test/opencode/packages/session-ui/node_modules/@solid-primitives/event-listener/package.json))
[21:38:11.181] [DEBUG] Could not resolve @solid-primitives/event-listener from /Users/yashvardhansingh/test/opencode/packages/session-ui/src/v2/components/prompt-input/attachments.ts
[21:38:11.181] [DEBUG] ChangeDetectionResolverFactory: 'diff' from '/Users/yashvardhansingh/test/opencode/packages/session-ui/src/components/session-diff.ts' unresolved ("." is not exported under the conditions ["solid", "development", "storybook", "stories", "test", "module", "browser", "development|production"] from package /Users/yashvardhansingh/test/opencode/packages/session-ui/node_modules/diff (see exports field in /Users/yashvardhansingh/test/opencode/packages/session-ui/node_modules/diff/package.json))
[21:38:11.181] [DEBUG] Could not resolve diff from /Users/yashvardhansingh/test/opencode/packages/session-ui/src/components/session-diff.ts
[21:38:11.181] [DEBUG] ChangeDetectionResolverFactory: 'remend' from '/Users/yashvardhansingh/test/opencode/packages/session-ui/src/components/markdown-stream.ts' unresolved ("." is not exported under the conditions ["solid", "development", "storybook", "stories", "test", "module", "browser", "development|production"] from package /Users/yashvardhansingh/test/opencode/packages/session-ui/node_modules/remend (see exports field in /Users/yashvardhansingh/test/opencode/packages/session-ui/node_modules/remend/package.json))
[21:38:11.181] [DEBUG] Could not resolve remend from /Users/yashvardhansingh/test/opencode/packages/session-ui/src/components/markdown-stream.ts
[21:38:11.181] [DEBUG] ChangeDetectionResolverFactory: 'solid-js' from '/Users/yashvardhansingh/test/opencode/packages/session-ui/src/components/agent-glyph.tsx' unresolved ("." is not exported under the conditions ["solid", "development", "storybook", "stories", "test", "module", "browser", "development|production"] from package /Users/yashvardhansingh/test/opencode/packages/session-ui/node_modules/solid-js (see exports field in /Users/yashvardhansingh/test/opencode/packages/session-ui/node_modules/solid-js/package.json))
[21:38:11.181] [DEBUG] Could not resolve solid-js from /Users/yashvardhansingh/test/opencode/packages/session-ui/src/components/agent-glyph.tsx
[21:38:11.185] [DEBUG] ChangeDetectionResolverFactory: 'katex' from '/Users/yashvardhansingh/test/opencode/packages/ui/src/context/marked-math.ts' unresolved ("." is not exported under the conditions ["solid", "development", "storybook", "stories", "test", "module", "browser", "development|production"] from package /Users/yashvardhansingh/test/opencode/packages/ui/node_modules/katex (see exports field in /Users/yashvardhansingh/test/opencode/packages/ui/node_modules/katex/package.json))
[21:38:11.185] [DEBUG] Could not resolve katex from /Users/yashvardhansingh/test/opencode/packages/ui/src/context/marked-math.ts
[21:38:11.201] [DEBUG] Change detection graph built: 85 stories, 304 deps tracked, 172ms